14.02.2020;21:36:45;0;0;0;0;0;Idle
14.02.2020;21:36:50;0;0.09952198;0;0;0;Start
14.02.2020;21:36:55;0.993978143;0.199916944;0;0;0;Adjust
14.02.2020;21:37:00;1.598712206;1.499310732;-0.119600989;0;1.483529687;DriveDown
14.02.2020;21:37:05;1.598712206;1.499310732;-0.119600989;0;-0.322885901;PickUp
14.02.2020;21:37:15;3.097955942;1.398915648;-1.549031734;-1.49923718;1.46607697;Release
14.02.2020;21:37:20;1.18E-07;4.00E-05;-5.34E-05;-0.000872802;3.66E-07;Idle
14.02.2020;21:37:30;1.18E-07;0.099561974;-5.34E-05;-0.000872802;3.66E-07;Start
14.02.2020;21:37:35;1.598712325;1.382475972;-0.119654417;-0.000872802;0.497419149;DriveDown
14.02.2020;21:37:40;1.598712325;1.499350667;-0.119654417;-0.000872802;0.733038664;PickUp
14.02.2020;21:37:50;3.097956181;1.398955703;-1.549084902;-1.49923718;0.811578691;Release
14.02.2020;21:37:55;0.068886578;7.99E-05;-0.000106946;-3.75E-08;0.00872728;Idle
14.02.2020;21:38:00;7.26E-08;7.99E-05;-0.000106946;-3.75E-08;6.34E-07;Idle
14.02.2020;21:38:05;7.26E-08;0.099601969;-0.000106946;-3.75E-08;6.34E-07;Start
14.02.2020;21:38:10;0.999195933;0.199996933;-0.000106946;-3.75E-08;6.34E-07;Adjust
14.02.2020;21:38:25;3.097955704;1.398995996;-1.549131751;-1.49923718;0.750492334;Release
14.02.2020;21:38:30;1.308929682;0.000120475;-0.018446451;-0.009575899;0.602139354;Idle
14.02.2020;21:38:35;0.000872667;0.000120475;-0.000153694;-0.000872729;7.94E-07;Idle
14.02.2020;21:38:40;0.000872667;0.099642463;-0.000153694;-0.000872729;7.94E-07;Start
14.02.2020;21:38:45;0.999195516;0.19916442;-0.000153694;-0.000872729;7.94E-07;Adjust
14.02.2020;21:38:50;1.598711729;1.499431252;-0.119754702;-0.000872729;1.178097963;PickUp
14.02.2020;21:39:00;3.097955465;1.399036288;-1.54917872;-1.499236941;0.654499292;Release
14.02.2020;21:39:05;1.16930294;0.000160527;-0.000200756;-0.009575993;0.65449965;Idle
14.02.2020;21:39:10;0.00087241;0.000160527;-0.000200756;-0.000872823;9.47E-07;Idle
14.02.2020;21:39:15;0.00087241;0.099682517;-0.000200756;-0.000872823;9.47E-07;Start
14.02.2020;21:39:20;0.898901105;0.199204534;-0.000200756;-0.000872823;9.47E-07;Adjust
14.02.2020;21:39:25;1.59871161;1.499471426;-0.119801752;-0.000872823;1.48353076;DriveDown
14.02.2020;21:39:30;1.59871161;1.499471426;-0.119801752;-0.000872823;-0.349064648;PickUp
14.02.2020;21:39:40;3.097955465;1.399076462;-1.549225807;-1.499236941;1.466077447;Release
14.02.2020;21:39:45;0.000872133;0.000201008;-0.000247602;-0.000872869;1.06E-06;Idle
14.02.2020;21:39:55;0.000872133;0.099722996;-0.000247602;-0.000872869;1.06E-06;Start
14.02.2020;21:40:00;1.598711371;1.220326304;-0.119848624;-0.000872869;0.453786582;DriveDown
14.02.2020;21:40:05;1.598711371;1.499511838;-0.119848624;-0.000872869;0.750492632;PickUp
14.02.2020;21:40:10;2.6197927;1.399116874;-1.001303554;-0.74270159;-0.39269805;Forwarding
14.02.2020;21:40:15;3.097954988;1.399116874;-1.549272537;-1.499237061;1.134465098;Release
14.02.2020;21:40:20;0.048819806;0.000241429;-0.000294325;-0.000872823;1.26E-06;Idle
14.02.2020;21:40:25;0.000871884;0.000241429;-0.000294325;-0.000872823;1.26E-06;Idle
14.02.2020;21:40:30;0.000871884;0.099763431;-0.000294325;-0.000872823;1.26E-06;Start
14.02.2020;21:40:35;0.999194622;0.199285433;-0.000294325;-0.000872823;1.26E-06;Adjust
14.02.2020;21:40:40;1.598710775;1.499552369;-0.119895317;-0.000872823;1.483531237;DriveDown
14.02.2020;21:40:50;3.097954273;1.399157405;-1.549319267;-1.499236822;0.043634702;Release
14.02.2020;21:40:55;2.251406193;0.552609146;-0.702771187;-0.652688324;0.977386057;Idle
14.02.2020;21:41:00;0.000871309;0.000281872;-0.000341757;-0.000872602;1.65E-06;Idle
14.02.2020;21:41:15;1.598710656;1.498719931;-0.119942747;-0.000872602;0.67195338;DriveDown
14.02.2020;21:41:20;1.598710656;1.498719931;-0.119942747;-0.000872602;0.13962777;PickUp
14.02.2020;21:41:25;3.097954273;1.399197936;-1.549366593;-1.499236822;-0.392697603;Forwarding
14.02.2020;21:41:30;3.097954273;1.399197936;-1.549366593;-1.499236822;1.466078043;Release
14.02.2020;21:41:35;0.000871218;0.000322488;-0.000388513;-0.000872703;1.66E-06;Idle
14.02.2020;21:41:40;0.000871218;0.099844486;-0.000388513;-0.000872703;1.66E-06;Start
14.02.2020;21:41:50;1.598710418;1.498760462;-0.119989514;-0.000872703;1.413718104;DriveDown
14.02.2020;21:41:55;1.598710418;1.498760462;-0.119989514;-0.000872703;-0.235617757;PickUp
14.02.2020;21:42:10;0.000870941;0.00036316;-0.000435686;-0.000872447;1.67E-06;Idle
14.02.2020;21:42:20;0.000870941;0.099885151;-0.000435686;-0.000872447;1.67E-06;Start
14.02.2020;21:42:30;1.59871006;1.498801112;-0.119163677;-0.000872447;0.610866785;PickUp
14.02.2020;21:42:35;1.59871006;1.315471053;-0.119163677;-0.000872447;-0.392697453;Lift
14.02.2020;21:42:40;3.097953796;1.399278998;-1.549460411;-1.499236465;0.427607298;Release
14.02.2020;21:42:45;0.750422478;0.000403504;-0.000482558;-0.000872208;0.226894781;Idle
14.02.2020;21:42:50;0.000871009;0.000403504;-0.000482558;-0.000872208;1.94E-06;Idle
14.02.2020;21:42:55;0.000871009;0.099925503;-0.000482558;-0.000872208;1.94E-06;Start
14.02.2020;21:43:00;0.999194086;0.199447498;-0.000482558;-0.000872208;1.94E-06;Adjust
14.02.2020;21:43:20;2.164139271;0.552770734;-0.772772253;-0.897034049;1.143192649;Idle
14.02.2020;21:43:25;0.000871051;0.000443462;-0.000529305;-0.000872135;1.82E-06;Idle
14.02.2020;21:43:30;0.000871051;0.099965461;-0.000529305;-0.000872135;1.82E-06;Start
14.02.2020;21:43:35;0.000871051;0.099965461;-0.000529305;-0.000872135;1.82E-06;Start
14.02.2020;21:43:40;1.598710179;1.49888134;-0.119257301;-0.000872135;0.802853227;DriveDown
14.02.2020;21:43:45;1.598710179;1.49888134;-0.119257301;-0.000872135;0.349067688;PickUp
14.02.2020;21:43:50;2.515071869;1.399359345;-1.035618544;-0.917233646;-0.392697036;Forwarding
14.02.2020;21:43:55;3.097954035;1.399359345;-1.548687696;-1.499235988;1.466078639;Release
14.02.2020;21:44:00;0.000871317;0.000483541;-0.000582817;-0.000871804;1.94E-06;Idle
14.02.2020;21:44:05;0.000871317;0.000483541;-0.000582817;-0.000871804;1.94E-06;Idle
14.02.2020;21:44:10;0.000871317;0.099132545;-0.000582817;-0.000871804;1.94E-06;Start
14.02.2020;21:44:30;3.097954273;1.399399519;-1.548741102;-1.499235868;0.322887719;Release
14.02.2020;21:44:35;1.151848435;0.000523892;-0.000636111;-0.019164396;0.663227618;Idle
14.02.2020;21:44:40;0.000871239;0.000523892;-0.000636111;-0.000871641;2.45E-06;Idle
14.02.2020;21:44:45;0.000871239;0.099172868;-0.000636111;-0.000871641;2.45E-06;Start
14.02.2020;21:44:55;1.598710418;1.498961449;-0.119364098;-0.000871641;0.872666955;DriveDown
14.02.2020;21:45:00;1.598710418;1.498961449;-0.119364098;-0.000871641;0.017455719;PickUp
14.02.2020;21:45:05;3.090117216;1.399439454;-1.518286705;-1.317785978;-0.39269653;Forwarding
14.02.2020;21:45:10;3.097954035;1.399439454;-1.548794746;-1.499235749;1.396266222;Release
14.02.2020;21:45:15;0.000871114;0.000563592;-0.000689932;-0.000871675;2.85E-06;Idle
14.02.2020;21:45:20;0.000871114;0.000563592;-0.000689932;-0.000871675;2.85E-06;Idle
14.02.2020;21:45:25;0.000871114;0.099212572;-0.000689932;-0.000871675;2.85E-06;Start
14.02.2020;21:45:30;0.999193966;0.199607536;-0.000689932;-0.000871675;2.85E-06;Adjust
14.02.2020;21:45:35;1.59871006;1.499001503;-0.119417928;-0.000871675;1.117013812;PickUp
14.02.2020;21:45:45;3.097954035;1.399479508;-1.548848629;-1.499235511;0.383975476;Release
14.02.2020;21:45:50;0.977315485;0.000603688;-0.000743553;-0.000871702;0.56723547;Idle
14.02.2020;21:45:55;0.000871029;0.000603688;-0.000743553;-0.000871702;3.31E-06;Idle
14.02.2020;21:46:00;0.000871029;0.099252678;-0.000743553;-0.000871702;3.31E-06;Start
14.02.2020;21:46:10;1.598710179;1.499041557;-0.11947155;-0.000871702;1.361359954;DriveDown
14.02.2020;21:46:15;1.598710179;1.499041557;-0.11947155;-0.000871702;-0.200709909;PickUp
14.02.2020;21:46:20;3.097954273;1.399519563;-1.548902392;-1.499235868;-0.392696112;Forwarding
14.02.2020;21:46:30;0.000871325;0.000643717;-0.00079746;-0.000871936;3.03E-06;Idle
14.02.2020;21:46:40;0.000871325;0.099292718;-0.00079746;-0.000871936;3.03E-06;Start
14.02.2020;21:46:50;1.598710418;1.499081731;-0.11952547;-0.000871936;0.92502737;PickUp
14.02.2020;21:47:00;3.097954512;1.399559617;-1.548956156;-1.499235988;1.265366316;Release
14.02.2020;21:47:05;0.000871397;0.000684018;-0.000851403;-0.000872088;2.74E-06;Idle
14.02.2020;21:47:10;0.000871397;0.099333003;-0.000851403;-0.000872088;2.74E-06;Start
14.02.2020;21:47:15;0.000871397;0.099333003;-0.000851403;-0.000872088;2.74E-06;Start
14.02.2020;21:47:20;1.598710537;1.499121904;-0.119579419;-0.000872088;0.741767406;DriveDown
14.02.2020;21:47:25;1.598710537;1.499121904;-0.119579419;-0.000872088;0.427608222;PickUp
14.02.2020;21:47:30;3.090117693;1.39959991;-1.510651827;-1.301206231;-0.392696589;Forwarding
14.02.2020;21:47:35;3.097954512;1.39959991;-1.549010158;-1.499236226;1.413719296;Release
14.02.2020;21:47:40;0.000871496;0.000724538;-3.20E-05;-0.000872246;2.59E-06;Idle
14.02.2020;21:47:45;0.000871496;0.000724538;-3.20E-05;-0.000872246;2.59E-06;Idle
14.02.2020;21:47:50;0.000871496;0.099373519;-3.20E-05;-0.000872246;2.59E-06;Start
14.02.2020;21:47:55;0.999194384;0.199768513;-3.20E-05;-0.000872246;2.59E-06;Adjust
14.02.2020;21:48:00;1.598710537;1.499162316;-0.119632982;-0.000872246;1.221732974;PickUp
14.02.2020;21:48:10;3.097954512;1.399640441;-1.549063444;-1.499236226;1.143193126;Release
14.02.2020;21:48:15;0.000871615;0.000764853;-8.56E-05;-0.000872253;2.26E-06;Idle
14.02.2020;21:48:20;0.000871615;0.000764853;-8.56E-05;-0.000872253;2.26E-06;Idle
14.02.2020;21:48:25;0.000871615;0.099413857;-8.56E-05;-0.000872253;2.26E-06;Start
14.02.2020;21:48:35;1.598710656;1.499202728;-0.119686596;-0.000872253;0.645774186;PickUp
14.02.2020;21:48:45;3.097954273;1.398807645;-1.549117208;-1.499236226;1.08210659;Release
14.02.2020;21:48:50;0.61079669;0.000804915;-0.000139055;-0.000872299;0.270528704;Idle
14.02.2020;21:48:55;0.000871439;0.000804915;-0.000139055;-0.000872299;2.69E-06;Idle
14.02.2020;21:49:00;0.000871439;0.099453904;-0.000139055;-0.000872299;2.69E-06;Start
14.02.2020;21:49:05;0.999194264;0.199848965;-0.000139055;-0.000872299;2.69E-06;Adjust
14.02.2020;21:49:10;1.598710418;1.499242902;-0.119740047;-0.000872299;1.483532548;DriveDown
14.02.2020;21:49:15;1.598710418;1.499242902;-0.119740047;-0.000872299;-0.392696291;PickUp
14.02.2020;21:49:20;3.097954273;1.398847938;-1.549163818;-1.499236345;-0.392696291;Forwarding
14.02.2020;21:49:30;0.00087122;0.000845161;-0.000185916;-0.000872187;2.85E-06;Idle
14.02.2020;21:49:35;0.00087122;0.099494174;-0.000185916;-0.000872187;2.85E-06;Start
14.02.2020;21:49:40;0.00087122;0.099494174;-0.000185916;-0.000872187;2.85E-06;Start
14.02.2020;21:49:45;1.598710299;1.499283075;-0.119786903;-0.000872187;0.671954572;DriveDown
14.02.2020;21:49:50;1.598710299;1.499283075;-0.119786903;-0.000872187;-0.148350149;PickUp
14.02.2020;21:49:55;3.097953796;1.398888111;-1.549210906;-1.499236345;-0.392696232;Forwarding
14.02.2020;21:50:05;0.000870803;1.20E-05;-0.000232694;-0.000872438;3.04E-06;Idle
14.02.2020;21:50:10;0.000870803;0.099534012;-0.000232694;-0.000872438;3.04E-06;Start
14.02.2020;21:50:20;1.598709941;1.49932301;-0.1198337;-0.000872438;1.195553422;DriveDown
14.02.2020;21:50:25;1.598709941;1.49932301;-0.1198337;-0.000872438;-0.279249698;PickUp
14.02.2020;21:50:30;3.09360218;1.398928046;-1.509160042;-1.380615711;-0.392696053;Forwarding
14.02.2020;21:50:35;3.097953796;1.398928046;-1.549257636;-1.499236465;1.466079712;Release
14.02.2020;21:50:40;0.000870979;5.22E-05;-0.00027937;-0.000872601;3.39E-06;Idle
14.02.2020;21:50:45;0.000870979;5.22E-05;-0.00027937;-0.000872601;3.39E-06;Idle
14.02.2020;21:50:50;0.000870979;0.099574223;-0.00027937;-0.000872601;3.39E-06;Start
14.02.2020;21:50:55;0.999194145;0.199969217;-0.00027937;-0.000872601;3.39E-06;Adjust
14.02.2020;21:51:10;3.097954035;1.39896822;-1.549304008;-1.499236584;0.375249118;Release
14.02.2020;21:51:15;1.640540361;0.057636615;-0.231516689;-0.355982482;0.881394565;Idle
14.02.2020;21:51:20;0.000871003;9.24E-05;-0.000325988;-0.000872737;3.30E-06;Idle
14.02.2020;21:51:25;0.000871003;0.099614404;-0.000325988;-0.000872737;3.30E-06;Start
14.02.2020;21:51:35;1.598710299;1.499403358;-0.119927004;-0.000872737;1.108287334;DriveDown
14.02.2020;21:51:40;1.598710299;1.499403358;-0.119927004;-0.000872737;-0.218162894;PickUp
14.02.2020;21:51:50;3.097954035;1.399008393;-1.549350739;-1.499236941;1.46608007;Release
14.02.2020;21:51:55;0.000870767;0.00013258;-0.000372944;-0.00087281;3.50E-06;Idle
14.02.2020;21:52:00;0.000870767;0.00013258;-0.000372944;-0.00087281;3.50E-06;Idle
14.02.2020;21:52:05;0.000870767;0.099654578;-0.000372944;-0.00087281;3.50E-06;Start
14.02.2020;21:52:15;1.598709702;1.499443531;-0.11997395;-0.00087281;0.802854776;PickUp
14.02.2020;21:52:25;3.097953558;1.399048567;-1.549397945;-1.499236941;1.029747963;Release
14.02.2020;21:52:30;0.175336167;0.000172872;-0.000419951;-8.36E-08;3.71E-06;Idle
14.02.2020;21:52:35;0.000870294;0.000172872;-0.000419951;-8.36E-08;3.71E-06;Idle
14.02.2020;21:52:40;0.000870294;0.099694878;-0.000419951;-8.36E-08;3.71E-06;Start
14.02.2020;21:52:45;0.999193192;0.199216843;-0.000419951;-8.36E-08;3.71E-06;Adjust
14.02.2020;21:52:50;1.598709226;1.499483943;-0.119147964;-8.36E-08;1.48353374;DriveDown
14.02.2020;21:53:00;3.09795332;1.39908886;-1.549445033;-1.499237299;0.436336428;Release
14.02.2020;21:53:05;0.22682254;0.000213261;-0.000466948;-3.21E-07;0.043637719;Idle
14.02.2020;21:53:10;0.000869793;0.000213261;-0.000466948;-3.21E-07;4.49E-06;Idle
14.02.2020;21:53:15;0.000869793;0.099735253;-0.000466948;-3.21E-07;4.49E-06;Start
14.02.2020;21:53:20;0.999192715;0.19925724;-0.000466948;-3.21E-07;4.49E-06;Adjust
14.02.2020;21:53:30;1.598708987;1.499524117;-0.119194955;-3.21E-07;-0.392694682;PickUp
14.02.2020;21:53:40;1.396193266;0.000253849;-0.039738085;-0.032247618;0.637049913;Idle
14.02.2020;21:53:45;0.000869675;0.000253849;-0.000513457;-2.81E-07;4.62E-06;Idle
14.02.2020;21:53:50;0.000869675;0.099775843;-0.000513457;-2.81E-07;4.62E-06;Start
14.02.2020;21:54:00;1.598708868;1.498691797;-0.119241469;-2.81E-07;0.925029039;DriveDown
14.02.2020;21:54:05;1.598708868;1.498691797;-0.119241469;-2.81E-07;0.305437267;PickUp
14.02.2020;21:54:10;3.059594393;1.399169803;-1.444878697;-1.282880902;-0.392694473;Forwarding
14.02.2020;21:54:15;3.097952843;1.399169803;-1.548671722;-1.499237299;1.439901352;Release
14.02.2020;21:54:20;0.000869537;0.00029434;-0.000566832;-2.69E-07;4.70E-06;Idle
14.02.2020;21:54:25;0.000869537;0.00029434;-0.000566832;-2.69E-07;4.70E-06;Idle
14.02.2020;21:54:30;0.000869537;0.099816352;-0.000566832;-2.69E-07;4.70E-06;Start
14.02.2020;21:54:35;0.999192715;0.199338347;-0.000566832;-2.69E-07;4.70E-06;Adjust
14.02.2020;21:54:40;1.598708868;1.498732328;-0.119294867;-2.69E-07;0.558510125;PickUp
14.02.2020;21:54:45;2.965363979;1.399210334;-1.349815607;-1.160707951;-0.392694324;Forwarding
14.02.2020;21:54:50;3.097952843;1.399210334;-1.548725486;-1.499237537;1.378814578;Release
14.02.2020;21:54:55;0.000869696;0.000334745;-0.000620597;-3.56E-07;4.45E-06;Idle
14.02.2020;21:55:15;1.598708868;1.498772621;-0.119348601;-3.56E-07;0.619596541;PickUp
14.02.2020;21:55:25;3.097952843;1.399250627;-1.548779368;-1.499237657;0.794129372;Release
14.02.2020;21:55:30;0.924954474;0.000375178;-0.000674437;-6.49E-07;0.523603439;Idle
14.02.2020;21:55:35;0.000869799;0.000375178;-0.000674437;-6.49E-07;4.57E-06;Idle
14.02.2020;21:55:40;0.000869799;0.099897169;-0.000674437;-6.49E-07;4.57E-06;Start
14.02.2020;21:55:45;0.999192953;0.199419186;-0.000674437;-6.49E-07;4.57E-06;Adjust
14.02.2020;21:55:50;1.598708987;1.498813033;-0.119402438;-6.49E-07;1.483534336;DriveDown
14.02.2020;21:55:55;1.598708987;1.498813033;-0.119402438;-6.49E-07;-0.392694682;PickUp
14.02.2020;21:56:05;2.303764343;0.709822357;-0.929177523;-1.001754999;1.20428133;Idle
14.02.2020;21:56:10;0.000870025;0.00041565;-0.000728231;-7.20E-07;4.05E-06;Idle
14.02.2020;21:56:20;0.000870025;0.09993764;-0.000728231;-7.20E-07;4.05E-06;Start
14.02.2020;21:56:25;1.598709464;1.498853683;-0.119456239;-7.20E-07;0.741768897;DriveDown
14.02.2020;21:56:30;1.598709464;1.498853683;-0.119456239;-7.20E-07;0.427609771;PickUp
14.02.2020;21:56:35;3.074422359;1.399331689;-1.458182096;-1.195614934;-0.39269498;Forwarding
14.02.2020;21:56:40;3.097953081;1.399331689;-1.548886895;-1.499237895;1.064654946;Release
14.02.2020;21:56:45;0.000870187;0.000456065;-0.000782042;-7.26E-07;4.17E-06;Idle
14.02.2020;21:56:50;0.000870187;0.000456065;-0.000782042;-7.26E-07;4.17E-06;Idle
14.02.2020;21:56:55;0.000870187;0.09997806;-0.000782042;-7.26E-07;4.17E-06;Start
14.02.2020;21:57:00;0.999193251;0.199499995;-0.000782042;-7.26E-07;4.17E-06;Adjust
14.02.2020;21:57:15;3.097953558;1.399371862;-1.548941016;-1.499238014;0.322890073;Release
14.02.2020;21:57:20;0.610795856;0.000496098;-0.000836096;-1.15E-06;0.157083943;Idle
14.02.2020;21:57:25;0.000870595;0.000496098;-0.000836096;-1.15E-06;4.29E-06;Idle
14.02.2020;21:57:30;0.000870595;0.099145062;-0.000836096;-1.15E-06;4.29E-06;Start
14.02.2020;21:57:40;1.598709822;1.498933673;-0.119564109;-1.15E-06;1.021021724;PickUp
14.02.2020;21:57:50;3.097953558;1.399411798;-1.548995018;-1.499238133;0.82903564;Release
14.02.2020;21:57:55;0.732968807;0.00053597;-1.69E-05;-1.11E-06;0.218170196;Idle
14.02.2020;21:58:00;0.000870421;0.00053597;-1.69E-05;-1.11E-06;3.98E-06;Idle
14.02.2020;21:58:05;0.000870421;0.099184953;-1.69E-05;-1.11E-06;3.98E-06;Start
14.02.2020;21:58:10;0.999193311;0.199579909;-1.69E-05;-1.11E-06;3.98E-06;Adjust
14.02.2020;21:58:15;1.598709464;1.498973846;-0.119617932;-1.11E-06;1.48353374;DriveDown
14.02.2020;21:58:20;1.598709464;1.498973846;-0.119617932;-1.11E-06;-0.39269504;PickUp
14.02.2020;21:58:25;3.097953081;1.399451733;-1.549048781;-1.499238014;-0.39269504;Forwarding
14.02.2020;21:58:35;0.00087004;0.000576136;-7.07E-05;-1.13E-06;3.95E-06;Idle
14.02.2020;21:58:45;0.00087004;0.099225134;-7.07E-05;-1.13E-06;3.95E-06;Start
14.02.2020;21:58:50;1.598709226;1.49901402;-0.119671717;-1.13E-06;0.750495553;DriveDown
14.02.2020;21:58:55;1.598709226;1.49901402;-0.119671717;-1.13E-06;0.436336339;PickUp
14.02.2020;21:59:05;3.097953081;1.399492025;-1.549102187;-1.499238253;0.733042419;Release
14.02.2020;21:59:10;0.488622516;0.000616383;-0.000124261;-1.14E-06;0.27925694;Idle
14.02.2020;21:59:15;0.000870405;0.000616383;-0.000124261;-1.14E-06;4.27E-06;Idle
14.02.2020;21:59:20;0.000870405;0.099265367;-0.000124261;-1.14E-06;4.27E-06;Start
14.02.2020;21:59:25;0.99919349;0.199660346;-0.000124261;-1.14E-06;4.27E-06;Adjust
14.02.2020;21:59:35;1.598709583;1.499053717;-0.11972525;-1.14E-06;-0.392694861;PickUp
14.02.2020;21:59:40;3.097953558;1.399531722;-1.549149156;-1.499238372;0.4799698;Release
14.02.2020;21:59:45;0.261729538;0.000656289;-0.000171317;-1.39E-06;4.43E-06;Idle
14.02.2020;21:59:50;0.000870221;0.000656289;-0.000171317;-1.39E-06;4.43E-06;Idle
14.02.2020;21:59:55;0.000870221;0.09930528;-0.000171317;-1.39E-06;4.43E-06;Start
14.02.2020;22:00:05;1.598709345;1.499094129;-0.119772315;-1.39E-06;0.986115336;PickUp
14.02.2020;22:00:15;3.09795332;1.399572134;-1.549196362;-1.49923861;0.829036057;Release
14.02.2020;22:00:20;0.837688386;0.000696392;-0.000218327;-1.58E-06;0.514877081;Idle
14.02.2020;22:00:25;0.000870288;0.000696392;-0.000218327;-1.58E-06;4.90E-06;Idle
14.02.2020;22:00:30;0.000870288;0.099345393;-0.000218327;-1.58E-06;4.90E-06;Start
14.02.2020;22:00:35;0.999193192;0.199740365;-0.000218327;-1.58E-06;4.90E-06;Adjust
14.02.2020;22:00:45;1.598709345;1.315804243;-0.119819328;-1.58E-06;-0.392694473;Lift
14.02.2020;22:00:50;3.09795332;1.399612308;-1.54924345;-1.49923861;0.165810883;Release
14.02.2020;22:00:55;0.698061943;0.000736669;-0.000265735;-1.56E-06;0.314164013;Idle
14.02.2020;22:01:00;0.000870277;0.000736669;-0.000265735;-1.56E-06;4.70E-06;Idle
14.02.2020;22:01:05;0.000870277;0.099385679;-0.000265735;-1.56E-06;4.70E-06;Start
14.02.2020;22:01:15;1.598709345;1.499174714;-0.119866744;-1.56E-06;0.863942742;PickUp
14.02.2020;22:01:25;3.09795332;1.39877975;-1.549290419;-1.499238849;0.584690332;Release
14.02.2020;22:01:30;0.593342185;0.000777204;-0.000312557;-1.76E-06;0.3665241;Idle
14.02.2020;22:01:35;0.000870172;0.000777204;-0.000312557;-1.76E-06;4.93E-06;Idle
14.02.2020;22:01:40;0.000870172;0.099426217;-0.000312557;-1.76E-06;4.93E-06;Start
14.02.2020;22:01:45;0.999193072;0.199821234;-0.000312557;-1.76E-06;4.93E-06;Adjust
14.02.2020;22:01:50;1.598709226;1.499215126;-0.119913556;-1.76E-06;1.483534813;DriveDown
14.02.2020;22:01:55;1.598709226;1.499215126;-0.119913556;-1.76E-06;-0.392694116;PickUp
14.02.2020;22:02:10;0.000869878;0.000817417;-0.000359385;-1.89E-06;4.91E-06;Idle
14.02.2020;22:02:15;0.000869878;0.099466428;-0.000359385;-1.89E-06;4.91E-06;Start
14.02.2020;22:02:25;1.598708868;1.4992553;-0.119960397;-1.89E-06;0.907576025;DriveDown
14.02.2020;22:02:30;1.598708868;1.4992553;-0.119960397;-1.89E-06;-0.034901794;PickUp
14.02.2020;22:02:35;3.090115786;1.398860335;-1.548511386;-1.489662766;-0.392694265;Forwarding
14.02.2020;22:02:40;3.097952604;1.398860335;-1.549384356;-1.499238968;1.466081738;Release
14.02.2020;22:02:45;0.000869605;0.000857784;-0.000406471;-1.94E-06;4.90E-06;Idle
14.02.2020;22:02:50;0.000869605;0.000857784;-0.000406471;-1.94E-06;4.90E-06;Idle
14.02.2020;22:02:55;0.000869605;0.099506773;-0.000406471;-1.94E-06;4.90E-06;Start
14.02.2020;22:03:05;1.598708868;1.499295712;-0.119134486;-1.94E-06;1.055929065;PickUp
14.02.2020;22:03:15;3.097952604;1.398900628;-1.549431443;-1.499238968;0.130904585;Release
14.02.2020;22:03:20;0.680607677;2.46E-05;-0.000453555;-1.77E-06;0.34907043;Idle
14.02.2020;22:03:25;0.000869294;2.46E-05;-0.000453555;-1.77E-06;4.57E-06;Idle
14.02.2020;22:03:30;0.000869294;0.099546552;-0.000453555;-1.77E-06;4.57E-06;Start
14.02.2020;22:03:35;0.999192238;0.199941531;-0.000453555;-1.77E-06;4.57E-06;Adjust
14.02.2020;22:03:40;1.598708272;1.499335766;-0.119181544;-1.77E-06;1.378814697;DriveDown
14.02.2020;22:03:50;3.097952127;1.398940682;-1.549478173;-1.499238968;0.410156995;Release
14.02.2020;22:03:55;1.919791102;0.290592641;-0.528397024;-0.582877457;0.94248265;Idle
14.02.2020;22:04:00;0.000868818;6.48E-05;-0.000500403;-1.86E-06;4.67E-06;Idle
14.02.2020;22:04:05;0.000868818;0.0995868;-0.000500403;-1.86E-06;4.67E-06;Start
14.02.2020;22:04:10;0.999191821;0.199981764;-0.000500403;-1.86E-06;4.67E-06;Adjust
14.02.2020;22:04:15;1.598708153;1.499375582;-0.119228408;-1.86E-06;1.483534217;DriveDown
14.02.2020;22:04:20;1.598708153;1.499375582;-0.119228408;-1.86E-06;-0.392694533;PickUp
14.02.2020;22:04:30;1.623084903;0.018397637;-0.09299805;-0.058419134;0.663229465;Idle
14.02.2020;22:04:35;0.000868554;0.000104882;-0.000553963;-1.91E-06;4.35E-06;Idle
14.02.2020;22:04:40;0.000868554;0.099626869;-0.000553963;-1.91E-06;4.35E-06;Start
14.02.2020;22:04:50;1.598707557;1.499415755;-0.119281985;-1.91E-06;1.047201872;DriveDown
14.02.2020;22:04:55;1.598707557;1.499415755;-0.119281985;-1.91E-06;-0.191981629;PickUp
14.02.2020;22:05:00;2.829228401;1.399020791;-1.349802613;-1.230522752;-0.392694503;Forwarding
14.02.2020;22:05:05;3.097951412;1.399020791;-1.548712492;-1.499239087;1.413720965;Release
14.02.2020;22:05:10;0.048816085;0.000145118;-0.00060768;-2.14E-06;4.16E-06;Idle
14.02.2020;22:05:15;0.000868164;0.000145118;-0.00060768;-2.14E-06;4.16E-06;Idle
14.02.2020;22:05:20;0.000868164;0.099667102;-0.00060768;-2.14E-06;4.16E-06;Start
14.02.2020;22:05:30;1.598707438;1.499455929;-0.119335674;-2.14E-06;0.890122116;PickUp
14.02.2020;22:05:45;2.129229784;0.517606199;-0.754577756;-0.827224016;1.064655185;Idle
14.02.2020;22:05:50;0.000868219;0.000185493;-0.000661216;-2.39E-06;4.30E-06;Idle
14.02.2020;22:05:55;0.000868219;0.099707492;-0.000661216;-2.39E-06;4.30E-06;Start
14.02.2020;22:06:00;0.985256851;0.199229464;-0.000661216;-2.39E-06;4.30E-06;Adjust
14.02.2020;22:06:05;1.598707438;1.49949646;-0.119389214;-2.39E-06;1.483534217;DriveDown
14.02.2020;22:06:10;1.598707438;1.49949646;-0.119389214;-2.39E-06;-0.392694473;PickUp
14.02.2020;22:06:25;0.000867791;0.000225913;-0.000715007;-2.53E-06;4.11E-06;Idle
14.02.2020;22:06:35;0.000867791;0.099747919;-0.000715007;-2.53E-06;4.11E-06;Start
14.02.2020;22:06:40;0.999190629;0.199269906;-0.000715007;-2.53E-06;4.11E-06;Adjust
14.02.2020;22:06:45;1.598706841;1.499536753;-0.119443007;-2.53E-06;1.02974844;DriveDown
14.02.2020;22:06:50;1.598706841;1.499536753;-0.119443007;-2.53E-06;-0.139621958;PickUp
14.02.2020;22:06:55;2.462708473;1.399141788;-0.826365113;-0.54984498;-0.392694533;Forwarding
14.02.2020;22:07:00;3.097950459;1.399141788;-1.548873782;-1.499239683;1.090835094;Release
14.02.2020;22:07:05;0.000866994;0.00026599;-0.000768866;-2.75E-06;4.13E-06;Idle
14.02.2020;22:07:10;0.000866994;0.00026599;-0.000768866;-2.75E-06;4.13E-06;Idle
14.02.2020;22:07:15;0.000866994;0.099788018;-0.000768866;-2.75E-06;4.13E-06;Start
14.02.2020;22:07:25;1.598706365;1.498703837;-0.11949686;-2.75E-06;0.977388382;PickUp
14.02.2020;22:07:30;1.598706365;1.315373898;-0.11949686;-2.75E-06;-0.392694771;Lift
14.02.2020;22:07:35;3.09795022;1.399181962;-1.548927784;-1.499240041;4.32E-06;Release
14.02.2020;22:07:40;1.727802873;0.111942887;-0.335860491;-0.443252325;0.916302204;Idle
14.02.2020;22:07:45;0.000866885;0.000306212;-0.000822952;-3.12E-06;4.12E-06;Idle
14.02.2020;22:07:50;0.000866885;0.099828206;-0.000822952;-3.12E-06;4.12E-06;Start
14.02.2020;22:07:55;0.898895621;0.199350208;-0.000822952;-3.12E-06;4.12E-06;Adjust
14.02.2020;22:08:00;1.598706126;1.498744249;-0.119550958;-3.12E-06;1.483534098;DriveDown
14.02.2020;22:08:05;1.598706126;1.498744249;-0.119550958;-3.12E-06;-0.392694622;PickUp
14.02.2020;22:08:20;0.000866532;0.000346999;-0.000869729;-2.94E-06;4.25E-06;Idle
14.02.2020;22:08:30;0.000866532;0.09986899;-0.000869729;-2.94E-06;4.25E-06;Start
14.02.2020;22:08:35;1.598705769;1.098299265;-0.11959774;-2.94E-06;0.375250041;DriveDown
14.02.2020;22:08:40;1.598705769;1.498785019;-0.11959774;-2.94E-06;0.497423202;PickUp
14.02.2020;22:08:45;2.497614145;1.399263024;-0.861426294;-0.584751904;-0.392694652;Forwarding
14.02.2020;22:08:50;3.097949743;1.399263024;-1.549028397;-1.49924016;1.073381782;Release
14.02.2020;22:08:55;0.000866578;0.000387347;-5.06E-05;-3.26E-06;4.65E-06;Idle
14.02.2020;22:09:00;0.000866578;0.000387347;-5.06E-05;-3.26E-06;4.65E-06;Idle
14.02.2020;22:09:05;0.000866578;0.099909328;-5.06E-05;-3.26E-06;4.65E-06;Start
14.02.2020;22:09:10;0.999189854;0.199431315;-5.06E-05;-3.26E-06;4.65E-06;Adjust
14.02.2020;22:09:25;3.097949743;1.399303317;-1.549081922;-1.499240398;-0.026174823;Release
14.02.2020;22:09:30;1.727802515;0.0684411;-0.179807782;-0.134331599;0.715590239;Idle
14.02.2020;22:09:35;0.000866702;0.000427588;-0.000103978;-3.64E-06;5.18E-06;Idle
14.02.2020;22:09:40;0.000866702;0.099949583;-0.000103978;-3.64E-06;5.18E-06;Start
14.02.2020;22:09:50;1.598705769;1.498865604;-0.119704984;-3.64E-06;0.846489906;DriveDown
14.02.2020;22:09:55;1.598705769;1.498865604;-0.119704984;-3.64E-06;-0.061081126;PickUp
14.02.2020;22:10:00;2.549973726;1.39934361;-0.913893461;-0.637112558;-0.392693639;Forwarding
14.02.2020;22:10:05;3.097949266;1.39934361;-1.549128771;-1.499240637;1.361362338;Release
14.02.2020;22:10:10;0.279178917;0.000468064;-0.00015082;-3.61E-06;5.44E-06;Idle
14.02.2020;22:10:15;0.000866345;0.000468064;-0.00015082;-3.61E-06;5.44E-06;Idle
14.02.2020;22:10:20;0.000866345;0.099990077;-0.00015082;-3.61E-06;5.44E-06;Start
14.02.2020;22:10:40;3.097949028;1.399383783;-1.549175858;-1.499240756;-0.095987454;Release
14.02.2020;22:10:45;1.849974871;0.15402849;-0.301201999;-0.251266658;0.776677251;Idle
14.02.2020;22:10:50;0.000865939;0.000507943;-0.000198113;-3.70E-06;5.78E-06;Idle
14.02.2020;22:10:55;0.000865939;0.099156924;-0.000198113;-3.70E-06;5.78E-06;Start
14.02.2020;22:11:00;0.99918896;0.199551895;-0.000198113;-3.70E-06;5.78E-06;Adjust
14.02.2020;22:11:05;1.598704934;1.498945475;-0.1197991;-3.70E-06;1.387542248;DriveDown
14.02.2020;22:11:10;1.598704934;1.498945475;-0.1197991;-3.70E-06;-0.392693222;PickUp
14.02.2020;22:11:25;0.000865519;0.000547991;-0.000245454;-4.14E-06;6.14E-06;Idle
14.02.2020;22:11:35;0.000865519;0.099196978;-0.000245454;-4.14E-06;6.14E-06;Start
14.02.2020;22:11:40;1.598704576;0.993780553;-0.119846463;-4.14E-06;0.314165384;DriveDown
14.02.2020;22:11:45;1.598704576;1.498985887;-0.119846463;-4.14E-06;0.558511615;PickUp
14.02.2020;22:11:50;2.915618658;1.399463773;-1.315460801;-1.003632307;-0.392692655;Forwarding
14.02.2020;22:11:55;3.097948313;1.399463773;-1.549270511;-1.499241471;1.239190817;Release
14.02.2020;22:12:00;0.000864821;0.000588235;-0.000292526;-4.37E-06;6.62E-06;Idle
14.02.2020;22:12:05;0.000864821;0.099237211;-0.000292526;-4.37E-06;6.62E-06;Start
14.02.2020;22:12:15;1.598703742;1.499025822;-0.119893514;-4.37E-06;1.021024346;DriveDown
14.02.2020;22:12:20;1.598703742;1.499025822;-0.119893514;-4.37E-06;0.130906716;PickUp
14.02.2020;22:12:25;3.097947598;1.399503708;-1.549317479;-1.49924159;-0.392692;Forwarding
14.02.2020;22:12:30;3.097947598;1.399503708;-1.549317479;-1.49924159;1.352637172;Release
14.02.2020;22:12:35;0.000864464;0.000628225;-0.000339334;-4.53E-06;7.07E-06;Idle
14.02.2020;22:12:40;0.000864464;0.000628225;-0.000339334;-4.53E-06;7.07E-06;Idle
14.02.2020;22:12:45;0.000864464;0.099277198;-0.000339334;-4.53E-06;7.07E-06;Start
14.02.2020;22:12:55;1.598703623;1.499065876;-0.119940348;-4.53E-06;1.195557594;PickUp
14.02.2020;22:13:05;3.097947121;1.399543881;-1.549364448;-1.499241829;0.584692538;Release
14.02.2020;22:13:10;0.058408264;0.000667988;-0.000386576;-4.89E-06;7.66E-06;Idle
14.02.2020;22:13:20;0.000864048;0.099316977;-0.000386576;-4.89E-06;7.66E-06;Start
14.02.2020;22:13:25;1.598703027;1.273153305;-0.119987577;-4.89E-06;0.445066601;DriveDown
14.02.2020;22:13:30;1.598703027;1.49910605;-0.119987577;-4.89E-06;1.2217381;PickUp
14.02.2020;22:13:40;3.097946644;1.399584055;-1.549411654;-1.499242067;0.523606479;Release
14.02.2020;22:13:45;0.092434697;0.0007082;-0.00043365;-5.05E-06;7.60E-06;Idle
14.02.2020;22:13:50;0.000863608;0.0007082;-0.00043365;-5.05E-06;7.60E-06;Idle
14.02.2020;22:13:55;0.000863608;0.099357195;-0.00043365;-5.05E-06;7.60E-06;Start
14.02.2020;22:14:00;0.999186516;0.199752197;-0.00043365;-5.05E-06;7.60E-06;Adjust
14.02.2020;22:14:05;1.598702669;1.499146342;-0.119161643;-5.05E-06;1.483537436;DriveDown
14.02.2020;22:14:15;3.097946405;1.399624228;-1.549458623;-1.499242187;0.270533741;Release
14.02.2020;22:14:20;0.715507805;0.000748762;-0.000480688;-5.27E-06;0.209447175;Idle
14.02.2020;22:14:25;0.000862993;0.000748762;-0.000480688;-5.27E-06;7.66E-06;Idle
14.02.2020;22:14:30;0.000862993;0.099397749;-0.000480688;-5.27E-06;7.66E-06;Start
14.02.2020;22:14:35;0.999185979;0.199792758;-0.000480688;-5.27E-06;7.66E-06;Adjust
14.02.2020;22:14:40;1.598702192;1.499186635;-0.119208694;-5.27E-06;1.099565506;PickUp
14.02.2020;22:14:50;3.097945929;1.398791671;-1.549505472;-1.499242544;0.427613735;Release
14.02.2020;22:14:55;0.837680697;0.000789118;-0.000527392;-5.48E-06;0.27053389;Idle
14.02.2020;22:15:00;0.000862595;0.000789118;-0.000527392;-5.48E-06;7.87E-06;Idle
14.02.2020;22:15:05;0.000862595;0.099438116;-0.000527392;-5.48E-06;7.87E-06;Start
14.02.2020;22:15:10;0.999185383;0.199833125;-0.000527392;-5.48E-06;7.87E-06;Adjust
14.02.2020;22:15:15;1.598701477;1.499226809;-0.119255409;-5.48E-06;1.3177315;DriveDown
14.02.2020;22:15:20;1.598701477;1.499226809;-0.119255409;-5.48E-06;-0.392691106;PickUp
14.02.2020;22:15:25;3.097945213;1.398831725;-1.548685789;-1.499242902;-0.392691106;Forwarding
14.02.2020;22:15:35;0.000862208;0.00082901;-0.000581007;-6.03E-06;7.82E-06;Idle
14.02.2020;22:15:45;0.000862208;0.099478006;-0.000581007;-6.03E-06;7.82E-06;Start
14.02.2020;22:15:50;1.598701358;0.959154963;-0.119309023;-6.03E-06;0.305440515;DriveDown
14.02.2020;22:15:55;1.598701358;1.499266982;-0.119309023;-6.03E-06;0.575966597;PickUp
14.02.2020;22:16:05;3.097944975;1.398872018;-1.548739791;-1.49924314;1.213011384;Release
14.02.2020;22:16:10;0.000861701;0.000869527;-0.000634861;-6.30E-06;7.34E-06;Idle
14.02.2020;22:16:15;0.000861701;0.09951853;-0.000634861;-6.30E-06;7.34E-06;Start
14.02.2020;22:16:25;1.598700643;1.499307036;-0.119362861;-6.30E-06;0.70686543;DriveDown
14.02.2020;22:16:30;1.598700643;1.499307036;-0.119362861;-6.30E-06;0.139633745;PickUp
14.02.2020;22:16:35;3.097944498;1.398912072;-1.548793316;-1.499243379;-0.392691582;Forwarding
14.02.2020;22:16:40;3.097944498;1.398912072;-1.548793316;-1.499243379;1.326457858;Release
14.02.2020;22:16:45;0.000860917;3.63E-05;-0.000688226;-6.21E-06;7.38E-06;Idle
14.02.2020;22:16:50;0.000860917;3.63E-05;-0.000688226;-6.21E-06;7.38E-06;Idle
14.02.2020;22:16:55;0.000860917;0.099558339;-0.000688226;-6.21E-06;7.38E-06;Start
14.02.2020;22:17:05;1.598700047;1.499347091;-0.119416222;-6.21E-06;1.221737981;PickUp
14.02.2020;22:17:15;3.097943783;1.398952127;-1.548846841;-1.499243498;0.898852527;Release
14.02.2020;22:17:20;0.144785121;7.64E-05;-0.000741843;-6.28E-06;7.98E-06;Idle
14.02.2020;22:17:30;0.000860856;0.099598378;-0.000741843;-6.28E-06;7.98E-06;Start
14.02.2020;22:17:35;1.598700166;1.081448197;-0.119469829;-6.28E-06;0.340347171;DriveDown
14.02.2020;22:17:40;1.598700166;1.499387026;-0.119469829;-6.28E-06;0.811586499;PickUp
14.02.2020;22:17:45;2.462701797;1.398992062;-0.826391816;-0.549848676;-0.392690778;Forwarding
14.02.2020;22:17:50;3.097944021;1.398992062;-1.548900485;-1.499243379;0.977392554;Release
14.02.2020;22:17:55;0.261720061;0.000116228;-0.000795753;-6.57E-06;8.46E-06;Idle
14.02.2020;22:18:00;0.000860763;0.000116228;-0.000795753;-6.57E-06;8.46E-06;Idle
14.02.2020;22:18:05;0.000860763;0.099638216;-0.000795753;-6.57E-06;8.46E-06;Start
14.02.2020;22:18:10;0.999183714;0.199160248;-0.000795753;-6.57E-06;8.46E-06;Adjust
14.02.2020;22:18:20;1.598699927;1.49942708;-0.119523749;-6.57E-06;-0.392690599;PickUp
14.02.2020;22:18:35;0.000860434;0.000156008;-0.000849242;-6.91E-06;8.64E-06;Idle
14.02.2020;22:18:40;0.000860434;0.09967801;-0.000849242;-6.91E-06;8.64E-06;Start
14.02.2020;22:18:45;0.000860434;0.09967801;-0.000849242;-6.91E-06;8.64E-06;Start
14.02.2020;22:18:50;1.59869957;1.499466777;-0.119577259;-6.91E-06;0.794133365;DriveDown
14.02.2020;22:18:55;1.59869957;1.499466777;-0.119577259;-6.91E-06;0.061094902;PickUp
14.02.2020;22:19:00;3.097943068;1.399071813;-1.544656157;-1.349208713;-0.392690718;Forwarding
14.02.2020;22:19:05;3.097943068;1.399071813;-1.549007773;-1.499244094;1.466084957;Release
14.02.2020;22:19:10;0.000859989;0.000196121;-2.98E-05;-7.08E-06;8.32E-06;Idle
14.02.2020;22:19:15;0.000859989;0.000196121;-2.98E-05;-7.08E-06;8.32E-06;Idle
14.02.2020;22:19:20;0.000859989;0.099718116;-2.98E-05;-7.08E-06;8.32E-06;Start
14.02.2020;22:19:25;0.999182999;0.199240059;-2.98E-05;-7.08E-06;8.32E-06;Adjust
14.02.2020;22:19:30;1.598699331;1.499507189;-0.119630828;-7.08E-06;1.178105474;PickUp
14.02.2020;22:19:40;3.097943068;1.399112225;-1.549061537;-1.499244332;0.349074185;Release
14.02.2020;22:19:45;1.082023978;0.000236442;-8.37E-05;-0.000880291;0.610873401;Idle
14.02.2020;22:19:50;0.000859989;0.000236442;-8.37E-05;-7.29E-06;8.20E-06;Idle
14.02.2020;22:19:55;0.000859989;0.099758439;-8.37E-05;-7.29E-06;8.20E-06;Start
14.02.2020;22:20:05;1.598699212;1.499547601;-0.119684644;-7.29E-06;1.274098635;DriveDown
14.02.2020;22:20:10;1.598699212;1.499547601;-0.119684644;-7.29E-06;-0.392690897;PickUp
14.02.2020;22:20:15;3.097942829;1.399152637;-1.549114943;-1.499244571;-0.392690897;Forwarding
14.02.2020;22:20:25;0.000859729;0.000276838;-0.000136804;-7.46E-06;8.00E-06;Idle
14.02.2020;22:20:30;0.000859729;0.000276838;-0.000136804;-7.46E-06;8.00E-06;Idle
14.02.2020;22:20:35;0.000859729;0.099798828;-0.000136804;-7.46E-06;8.00E-06;Start
14.02.2020;22:20:45;1.598698735;1.498714685;-0.119737789;-7.46E-06;0.733046114;PickUp
14.02.2020;22:20:50;1.598698735;1.315384626;-0.119737789;-7.46E-06;-0.392691255;Lift
14.02.2020;22:20:55;3.097942352;1.399192691;-1.549161315;-1.499244452;0.340347081;Release
14.02.2020;22:21:00;1.012210011;0.000317052;-0.000183332;-7.34E-06;0.357800573;Idle
14.02.2020;22:21:05;0.000859222;0.000317052;-0.000183332;-7.34E-06;8.03E-06;Idle
14.02.2020;22:21:10;0.000859222;0.099839047;-0.000183332;-7.34E-06;8.03E-06;Start
14.02.2020;22:21:15;0.999182224;0.199361041;-0.000183332;-7.34E-06;8.03E-06;Adjust
14.02.2020;22:21:20;1.598698378;1.498755097;-0.119784333;-7.34E-06;1.483538032;DriveDown
14.02.2020;22:21:40;0.000858686;0.000357461;-0.000230505;-7.20E-06;8.08E-06;Idle
14.02.2020;22:21:55;1.598697662;1.496190071;-0.119831517;-7.20E-06;0.637053192;DriveDown
14.02.2020;22:22:00;1.598697662;1.498795629;-0.119831517;-7.20E-06;0.244354174;PickUp
14.02.2020;22:22:05;3.097941399;1.399273634;-1.54925561;-1.498371363;-0.392691046;Forwarding
14.02.2020;22:22:10;3.097941399;1.399273634;-1.54925561;-1.499244332;1.29155159;Release
14.02.2020;22:22:15;0.000858167;0.000398165;-0.000277727;-7.45E-06;7.66E-06;Idle
14.02.2020;22:22:20;0.000858167;0.000398165;-0.000277727;-7.45E-06;7.66E-06;Idle
14.02.2020;22:22:25;0.000858167;0.099920154;-0.000277727;-7.45E-06;7.66E-06;Start
14.02.2020;22:22:45;3.097940922;1.399313927;-1.549302936;-1.499244571;0.479973286;Release
14.02.2020;22:22:50;1.483447671;0.00914187;-0.133780017;-0.216364041;0.802859366;Idle
14.02.2020;22:22:55;0.000857831;0.000438701;-0.000325033;-7.61E-06;7.91E-06;Idle
14.02.2020;22:23:00;0.000857831;0.0999607;-0.000325033;-7.61E-06;7.91E-06;Start
14.02.2020;22:23:10;1.598696947;1.498876572;-0.119926035;-7.61E-06;1.082112074;DriveDown
14.02.2020;22:23:15;1.598696947;1.498876572;-0.119926035;-7.61E-06;-0.209431231;PickUp
14.02.2020;22:23:25;3.097940683;1.399354577;-1.549350023;-1.499244928;1.466084957;Release
14.02.2020;22:23:30;0.000857299;0.000478675;-0.00037216;-7.99E-06;8.22E-06;Idle
14.02.2020;22:23:40;0.000857299;0.099127665;-0.00037216;-7.99E-06;8.22E-06;Start
14.02.2020;22:23:45;1.598696589;0.941351175;-0.119973175;-7.99E-06;0.296714157;DriveDown
14.02.2020;22:23:50;1.598696589;1.498916388;-0.119973175;-7.99E-06;0.933759451;PickUp
14.02.2020;22:23:55;1.598696589;1.315586329;-0.119973175;-7.99E-06;-0.392690659;Lift
14.02.2020;22:24:00;3.097940207;1.399394393;-1.549397349;-1.499245167;0.41016084;Release
14.02.2020;22:24:05;1.605620146;0.068532184;-0.266516834;-0.3734442;0.890126348;Idle
14.02.2020;22:24:10;0.000857165;0.00051867;-0.000419561;-8.13E-06;8.28E-06;Idle
14.02.2020;22:24:15;0.000857165;0.099167638;-0.000419561;-8.13E-06;8.28E-06;Start
14.02.2020;22:24:20;0.999180257;0.199562594;-0.000419561;-8.13E-06;8.28E-06;Adjust
14.02.2020;22:24:30;1.59869647;1.498956442;-0.119147561;-8.13E-06;-0.392690986;PickUp
14.02.2020;22:24:40;3.097939968;1.399434447;-1.549444318;-1.499245286;1.466084599;Release
14.02.2020;22:24:45;0.000856897;0.00055897;-0.000466299;-8.39E-06;7.83E-06;Idle
14.02.2020;22:24:55;0.000856897;0.099207953;-0.000466299;-8.39E-06;7.83E-06;Start
14.02.2020;22:25:00;1.598696113;1.498996615;-0.119194314;-8.39E-06;0.863945723;DriveDown
14.02.2020;22:25:05;1.598696113;1.498996615;-0.119194314;-8.39E-06;0.296713591;PickUp
14.02.2020;22:25:10;2.567417145;1.399474621;-1.087915659;-0.968729734;-0.392691523;Forwarding
14.02.2020;22:25:20;0.00085646;0.000599071;-0.000513317;-8.34E-06;7.39E-06;Idle
14.02.2020;22:25:25;0.00085646;0.099248052;-0.000513317;-8.34E-06;7.39E-06;Start
14.02.2020;22:25:35;1.598695636;1.499036789;-0.119241305;-8.34E-06;1.239190936;DriveDown
14.02.2020;22:25:40;1.598695636;1.499036789;-0.119241305;-8.34E-06;-0.392691851;PickUp
14.02.2020;22:25:45;3.085744143;1.399514794;-1.510313749;-1.282889128;-0.392691851;Forwarding
14.02.2020;22:25:50;3.097939253;1.399514794;-1.54867208;-1.499245524;1.335184097;Release
14.02.2020;22:25:55;0.000856143;0.000639141;-0.000567273;-8.57E-06;7.23E-06;Idle
14.02.2020;22:26:00;0.000856143;0.000639141;-0.000567273;-8.57E-06;7.23E-06;Idle
14.02.2020;22:26:05;0.000856143;0.099288121;-0.000567273;-8.57E-06;7.23E-06;Start
14.02.2020;22:26:15;1.598695278;1.499076843;-0.119295284;-8.57E-06;1.064658165;PickUp
14.02.2020;22:26:20;1.598695278;1.315746903;-0.119295284;-8.57E-06;-0.392691821;Lift
14.02.2020;22:26:25;3.097938776;1.399554849;-1.548725843;-1.499245763;0.287986666;Release
14.02.2020;22:26:30;1.064566374;0.000679351;-0.00062105;-8.82E-06;0.383979738;Idle
14.02.2020;22:26:35;0.000855586;0.000679351;-0.00062105;-8.82E-06;7.28E-06;Idle
14.02.2020;22:26:40;0.000855586;0.099328347;-0.00062105;-8.82E-06;7.28E-06;Start
14.02.2020;22:26:45;0.999178529;0.199723363;-0.00062105;-8.82E-06;7.28E-06;Adjust
14.02.2020;22:26:50;1.598694682;1.499117374;-0.119349033;-8.82E-06;1.483537078;DriveDown
14.02.2020;22:26:55;1.598694682;1.499117374;-0.119349033;-8.82E-06;-0.39269194;PickUp
14.02.2020;22:27:10;0.000855506;0.00071945;-0.000675115;-8.78E-06;7.17E-06;Idle
14.02.2020;22:27:20;0.000855506;0.09936846;-0.000675115;-8.78E-06;7.17E-06;Start
14.02.2020;22:27:25;1.598694801;1.499157548;-0.119403102;-8.78E-06;0.628325641;DriveDown
14.02.2020;22:27:30;1.598694801;1.499157548;-0.119403102;-8.78E-06;0.479972929;PickUp
14.02.2020;22:27:40;3.097938299;1.399635434;-1.548833847;-1.49924612;1.099564791;Release
14.02.2020;22:27:45;0.575874269;0.000759763;-0.000729046;-9.12E-06;0.253080279;Idle
14.02.2020;22:27:50;0.000855741;0.000759763;-0.000729046;-9.12E-06;7.54E-06;Idle
14.02.2020;22:27:55;0.000855741;0.099408768;-0.000729046;-9.12E-06;7.54E-06;Start
14.02.2020;22:28:00;0.99917835;0.199803814;-0.000729046;-9.12E-06;7.54E-06;Adjust
14.02.2020;22:28:05;1.598694563;1.499197602;-0.119457051;-9.12E-06;1.24791801;PickUp
14.02.2020;22:28:10;1.598694563;1.499197602;-0.119457051;-9.12E-06;-0.392691225;PickUp
14.02.2020;22:28:15;3.097938299;1.398802638;-1.54888773;-1.499246001;0.506153166;Release
14.02.2020;22:28:20;0.767860353;0.000800014;-0.00078263;-9.03E-06;0.314167172;Idle
14.02.2020;22:28:25;0.000855494;0.000800014;-0.00078263;-9.03E-06;7.93E-06;Idle
14.02.2020;22:28:30;0.000855494;0.099449001;-0.00078263;-9.03E-06;7.93E-06;Start
14.02.2020;22:28:40;1.598694324;1.499237657;-0.119510643;-9.03E-06;0.733045995;PickUp
14.02.2020;22:28:50;3.097938061;1.398842692;-1.548941135;-1.49924612;0.445066512;Release
14.02.2020;22:28:55;0.78531301;0.000840172;-0.000836181;-9.01E-06;0.37525335;Idle
14.02.2020;22:29:00;0.000855079;0.000840172;-0.000836181;-9.01E-06;7.56E-06;Idle
14.02.2020;22:29:05;0.000855079;0.099489175;-0.000836181;-9.01E-06;7.56E-06;Start
14.02.2020;22:29:10;0.999177992;0.199884191;-0.000836181;-9.01E-06;7.56E-06;Adjust
14.02.2020;22:29:15;1.598694086;1.49927783;-0.119564198;-9.01E-06;1.483537436;DriveDown
14.02.2020;22:29:20;1.598694086;1.49927783;-0.119564198;-9.01E-06;-0.392691284;PickUp
14.02.2020;22:29:30;1.343818426;7.57E-06;-0.024413835;-0.02527931;0.628326178;Idle
14.02.2020;22:29:35;0.000855287;7.57E-06;-1.68E-05;-9.26E-06;7.52E-06;Idle
14.02.2020;22:29:40;0.000855287;0.099529542;-1.68E-05;-9.26E-06;7.52E-06;Start
14.02.2020;22:29:45;0.999178112;0.199924529;-1.68E-05;-9.26E-06;7.52E-06;Adjust
14.02.2020;22:29:55;1.598694324;1.499318361;-0.11961779;-9.26E-06;-0.392691404;PickUp
14.02.2020;22:30:05;1.605617881;0.039272353;-0.133525193;-0.092453271;0.689412773;Idle
14.02.2020;22:30:10;0.000855329;4.77E-05;-7.02E-05;-9.19E-06;7.69E-06;Idle
14.02.2020;22:30:15;0.000855329;0.099569708;-7.02E-05;-9.19E-06;7.69E-06;Start
14.02.2020;22:30:25;1.598694682;1.499358416;-0.119671218;-9.19E-06;0.968665183;DriveDown
14.02.2020;22:30:30;1.598694682;1.499358416;-0.119671218;-9.19E-06;-0.148345232;PickUp
14.02.2020;22:30:35;2.392883062;1.398963451;-0.913859487;-0.794197679;-0.392691314;Forwarding
14.02.2020;22:30:40;3.097938299;1.398963451;-1.54910171;-1.499246478;0.855219364;Release
14.02.2020;22:30:45;0.000855692;8.78E-05;-0.000123726;-9.48E-06;7.87E-06;Idle
14.02.2020;22:30:50;0.000855692;8.78E-05;-0.000123726;-9.48E-06;7.87E-06;Idle
14.02.2020;22:30:55;0.000855692;0.099609822;-0.000123726;-9.48E-06;7.87E-06;Start
14.02.2020;22:31:05;1.598694801;1.49939847;-0.119724736;-9.48E-06;0.610873222;PickUp
14.02.2020;22:31:15;3.097938538;1.399003506;-1.54914844;-1.499246597;0.794132829;Release
14.02.2020;22:31:20;0.00085551;0.000127646;-0.000170319;-9.41E-06;7.83E-06;Idle
14.02.2020;22:31:30;0.00085551;0.09964963;-0.000170319;-9.41E-06;7.83E-06;Start
14.02.2020;22:31:35;1.598694682;1.499438524;-0.119771302;-9.41E-06;0.741772652;DriveDown
14.02.2020;22:31:40;1.598694682;1.499438524;-0.119771302;-9.41E-06;0.462519854;PickUp
14.02.2020;22:31:50;3.097938299;1.39904356;-1.549195051;-1.499246359;0.733045936;Release
14.02.2020;22:31:55;0.575874031;0.000167666;-0.000217013;-9.24E-06;0.279260486;Idle
14.02.2020;22:32:00;0.000855452;0.000167666;-0.000217013;-9.24E-06;7.84E-06;Idle
14.02.2020;22:32:05;0.000855452;0.099689662;-0.000217013;-9.24E-06;7.84E-06;Start
14.02.2020;22:32:10;0.999178171;0.199211672;-0.000217013;-9.24E-06;7.84E-06;Adjust
14.02.2020;22:32:20;1.598694444;1.316148639;-0.119818009;-9.24E-06;-0.392691344;Lift
14.02.2020;22:32:25;3.097937822;1.399083734;-1.549241781;-1.499246359;0.479973316;Release
14.02.2020;22:32:30;0.645686507;0.000207953;-0.000263873;-9.33E-06;0.340346813;Idle
14.02.2020;22:32:35;0.000854775;0.000207953;-0.000263873;-9.33E-06;7.56E-06;Idle
14.02.2020;22:32:40;0.000854775;0.09972994;-0.000263873;-9.33E-06;7.56E-06;Start
14.02.2020;22:32:50;1.598693848;1.499518752;-0.119864874;-9.33E-06;0.80285871;PickUp
14.02.2020;22:33:00;3.097937584;1.399123788;-1.54928875;-1.499246478;0.418886244;Release
14.02.2020;22:33:05;1.343818069;0.000248271;-0.018603671;-0.006100141;0.593419135;Idle
14.02.2020;22:33:10;0.000854568;0.000248271;-0.000310918;-9.26E-06;7.13E-06;Idle
14.02.2020;22:33:15;0.000854568;0.09977027;-0.000310918;-9.26E-06;7.13E-06;Start
14.02.2020;22:33:20;0.998304367;0.199292257;-0.000310918;-9.26E-06;7.13E-06;Adjust
14.02.2020;22:33:25;1.598693728;1.499559164;-0.119911939;-9.26E-06;1.483536839;DriveDown
14.02.2020;22:33:30;1.598693728;1.499559164;-0.119911939;-9.26E-06;-0.392692238;PickUp
14.02.2020;22:33:40;1.465991139;0.002894162;-0.079713963;-0.048830286;0.654505253;Idle
14.02.2020;22:33:45;0.000854521;0.000288577;-0.000358167;-9.36E-06;6.61E-06;Idle
14.02.2020;22:33:50;0.000854521;0.099810578;-0.000358167;-9.36E-06;6.61E-06;Start
14.02.2020;22:33:55;0.999177635;0.19933258;-0.000358167;-9.36E-06;6.61E-06;Adjust
14.02.2020;22:34:10;3.097937584;1.399204493;-1.549383283;-1.49924624;0.637051284;Release
14.02.2020;22:34:15;0.66313976;0.000328759;-0.000405423;-9.41E-06;0.183266044;Idle
14.02.2020;22:34:20;0.000854788;0.000328759;-0.000405423;-9.41E-06;6.46E-06;Idle
14.02.2020;22:34:25;0.000854788;0.099850774;-0.000405423;-9.41E-06;6.46E-06;Start
14.02.2020;22:34:35;1.598693967;1.49876678;-0.119133413;-9.41E-06;1.003570676;PickUp
14.02.2020;22:34:45;3.097937584;1.399244905;-1.549430013;-1.499246597;1.108290315;Release
14.02.2020;22:34:50;0.698046327;0.000369437;-0.000452129;-9.47E-06;0.244352281;Idle
14.02.2020;22:34:55;0.000854877;0.000369437;-0.000452129;-9.47E-06;6.18E-06;Idle
14.02.2020;22:35:00;0.000854877;0.099891432;-0.000452129;-9.47E-06;6.18E-06;Start
14.02.2020;22:35:05;0.999177575;0.199413419;-0.000452129;-9.47E-06;6.18E-06;Adjust
14.02.2020;22:35:10;1.598694086;1.498807073;-0.119180128;-9.47E-06;1.483535886;DriveDown
14.02.2020;22:35:15;1.598694086;1.498807073;-0.119180128;-9.47E-06;-0.392693102;PickUp
14.02.2020;22:35:20;3.097937822;1.399285197;-1.5494771;-1.499246359;-0.392693102;Forwarding
14.02.2020;22:35:30;0.000855032;0.000409608;-0.000499348;-9.42E-06;5.86E-06;Idle
14.02.2020;22:35:40;0.000855032;0.099931598;-0.000499348;-9.42E-06;5.86E-06;Start
14.02.2020;22:35:45;1.598693848;1.203081489;-0.11922735;-9.42E-06;0.401431561;DriveDown
14.02.2020;22:35:50;1.598693848;1.498847485;-0.11922735;-9.42E-06;0.165811896;PickUp
14.02.2020;22:35:55;3.097937584;1.39932549;-1.548658013;-1.499246478;-0.392693549;Forwarding
14.02.2020;22:36:00;3.097937584;1.39932549;-1.548658013;-1.499246478;1.466082096;Release
14.02.2020;22:36:05;0.000854833;0.000449899;-0.00055334;-9.55E-06;5.19E-06;Idle
14.02.2020;22:36:10;0.000854833;0.099971898;-0.00055334;-9.55E-06;5.19E-06;Start
14.02.2020;22:36:20;1.598693848;1.498887897;-0.119281366;-9.55E-06;1.134469151;DriveDown
14.02.2020;22:36:25;1.598693848;1.498887897;-0.119281366;-9.55E-06;0.078545064;PickUp
14.02.2020;22:36:30;3.01944828;1.399365902;-1.510353923;-1.419017792;-0.392693818;Forwarding
14.02.2020;22:36:35;3.097937822;1.399365902;-1.548712254;-1.499246597;1.466081738;Release
14.02.2020;22:36:40;0.000855092;0.000490377;-0.000607344;-9.53E-06;5.13E-06;Idle
14.02.2020;22:36:45;0.000855092;0.000490377;-0.000607344;-9.53E-06;5.13E-06;Idle
14.02.2020;22:36:50;0.000855092;0.09913937;-0.000607344;-9.53E-06;5.13E-06;Start
14.02.2020;22:37:00;1.598693967;1.498928428;-0.119335331;-9.53E-06;0.863942862;PickUp
14.02.2020;22:37:10;3.097937822;1.399406433;-1.548766017;-1.499246597;0.925029099;Release
14.02.2020;22:37:15;0.000854861;0.00053078;-0.000660884;-9.61E-06;4.42E-06;Idle
14.02.2020;22:37:25;0.000854861;0.099179767;-0.000660884;-9.61E-06;4.42E-06;Start
14.02.2020;22:37:30;1.598693848;1.355044127;-0.119388878;-9.61E-06;0.479969919;DriveDown
14.02.2020;22:37:35;1.598693848;1.498968363;-0.119388878;-9.61E-06;0.34907037;PickUp
14.02.2020;22:37:45;3.097937584;1.399446487;-1.54881978;-1.499246716;0.863942087;Release
14.02.2020;22:37:50;0.000854733;0.000570601;-0.000714623;-9.49E-06;4.16E-06;Idle
14.02.2020;22:37:55;0.000854733;0.000570601;-0.000714623;-9.49E-06;4.16E-06;Idle
14.02.2020;22:38:00;0.000854733;0.099219568;-0.000714623;-9.49E-06;4.16E-06;Start
14.02.2020;22:38:05;0.999177575;0.199614525;-0.000714623;-9.49E-06;4.16E-06;Adjust
14.02.2020;22:38:20;3.097937346;1.399486303;-1.548873305;-1.499246359;-0.026176201;Release
14.02.2020;22:38:25;1.780150175;0.100032143;-0.231086001;-0.182332247;0.741768658;Idle
14.02.2020;22:38:30;0.000854516;0.000610773;-0.000768288;-9.40E-06;3.80E-06;Idle
14.02.2020;22:38:35;0.000854516;0.099259764;-0.000768288;-9.40E-06;3.80E-06;Start
14.02.2020;22:38:45;1.59869349;1.499048471;-0.119496286;-9.40E-06;1.160647273;DriveDown
14.02.2020;22:38:50;1.59869349;1.499048471;-0.119496286;-9.40E-06;0.034909766;PickUp
14.02.2020;22:38:55;3.097937346;1.399526358;-1.54892683;-1.499246478;-0.392695904;Forwarding
14.02.2020;22:39:00;3.097937346;1.399526358;-1.54892683;-1.499246478;1.466079593;Release
14.02.2020;22:39:05;0.000854463;0.000650701;-0.00082166;-9.65E-06;2.84E-06;Idle
14.02.2020;22:39:10;0.000854463;0.000650701;-0.00082166;-9.65E-06;2.84E-06;Idle
14.02.2020;22:39:15;0.000854463;0.099299699;-0.00082166;-9.65E-06;2.84E-06;Start
14.02.2020;22:39:25;1.598693609;1.499088764;-0.119549654;-9.65E-06;1.143193245;PickUp
14.02.2020;22:39:35;3.097937346;1.39956677;-1.548980236;-1.499246836;0.750494003;Release
14.02.2020;22:39:40;0.837672412;0.000690957;-0.000868391;-9.89E-06;0.270528585;Idle
14.02.2020;22:39:45;0.000854581;0.000690957;-0.000868391;-9.89E-06;2.58E-06;Idle
14.02.2020;22:39:50;0.000854581;0.09933994;-0.000868391;-9.89E-06;2.58E-06;Start
14.02.2020;22:39:55;0.999177396;0.199734971;-0.000868391;-9.89E-06;2.58E-06;Adjust
14.02.2020;22:40:00;1.598693728;1.499129057;-0.119596392;-9.89E-06;1.483532429;DriveDown
14.02.2020;22:40:05;1.598693728;1.499129057;-0.119596392;-9.89E-06;-0.3926965;PickUp
14.02.2020;22:40:20;0.000854718;0.000731492;-4.90E-05;-9.93E-06;2.42E-06;Idle
14.02.2020;22:40:30;0.000854718;0.099380486;-4.90E-05;-9.93E-06;2.42E-06;Start
14.02.2020;22:40:35;1.598693967;1.355245233;-0.119650014;-9.93E-06;0.506147861;DriveDown
14.02.2020;22:40:40;1.598693967;1.499169469;-0.119650014;-9.93E-06;0.366521478;PickUp
14.02.2020;22:40:45;2.672135115;1.399647474;-1.001104712;-0.724385202;-0.392696828;Forwarding
14.02.2020;22:40:50;3.097937822;1.399647474;-1.54908061;-1.499247074;1.108286381;Release
14.02.2020;22:40:55;0.000854877;0.000771826;-0.000102584;-1.01E-05;2.09E-06;Idle
14.02.2020;22:41:00;0.000854877;0.000771826;-0.000102584;-1.01E-05;2.09E-06;Idle
14.02.2020;22:41:05;0.000854877;0.099420838;-0.000102584;-1.01E-05;2.09E-06;Start
14.02.2020;22:41:10;0.999177635;0.19981584;-0.000102584;-1.01E-05;2.09E-06;Adjust
14.02.2020;22:41:25;3.097937822;1.398814678;-1.54912746;-1.499247313;0.09599483;Release
14.02.2020;22:41:30;1.71033752;0.124664053;-0.336059958;-0.495619178;0.942479432;Idle
14.02.2020;22:41:35;0.000855087;0.000812099;-0.0001495;-1.00E-05;1.57E-06;Idle
14.02.2020;22:41:40;0.000855087;0.099461094;-0.0001495;-1.00E-05;1.57E-06;Start
14.02.2020;22:41:50;1.598694563;1.499249816;-0.119750507;-1.00E-05;1.003565907;DriveDown
14.02.2020;22:41:55;1.598694563;1.499249816;-0.119750507;-1.00E-05;-0.174531415;PickUp
14.02.2020;22:42:00;3.097938061;1.398854733;-1.54917407;-1.499247313;-0.392697662;Forwarding
14.02.2020;22:42:05;3.097938061;1.398854733;-1.54917407;-1.499247313;1.466077805;Release
14.02.2020;22:42:10;0.000855406;0.000852263;-0.000195897;-1.01E-05;1.29E-06;Idle
14.02.2020;22:42:15;0.000855406;0.000852263;-0.000195897;-1.01E-05;1.29E-06;Idle
14.02.2020;22:42:20;0.000855406;0.099501282;-0.000195897;-1.01E-05;1.29E-06;Start
14.02.2020;22:42:30;1.598694682;1.499290109;-0.119796887;-1.01E-05;1.021018744;PickUp
14.02.2020;22:42:35;1.598694682;1.31596005;-0.119796887;-1.01E-05;-0.39269799;Lift
14.02.2020;22:42:40;3.097938299;1.398895144;-1.549220443;-1.499247313;-0.008725556;Release
14.02.2020;22:42:45;1.797604561;0.169247746;-0.371059626;-0.513072848;0.95120579;Idle
14.02.2020;22:42:50;0.000855681;1.99E-05;-0.000242578;-1.04E-05;1.26E-06;Idle
14.02.2020;22:42:55;0.000855681;0.099541895;-0.000242578;-1.04E-05;1.26E-06;Start
14.02.2020;22:43:00;0.999178648;0.199936867;-0.000242578;-1.04E-05;1.26E-06;Adjust
14.02.2020;22:43:05;1.598694921;1.49933064;-0.119843587;-1.04E-05;1.44862473;DriveDown
14.02.2020;22:43:10;1.598694921;1.49933064;-0.119843587;-1.04E-05;-0.392697573;PickUp
14.02.2020;22:43:25;0.000856093;6.01E-05;-0.000289612;-1.03E-05;1.61E-06;Idle
14.02.2020;22:43:35;0.000856093;0.099582128;-0.000289612;-1.03E-05;1.61E-06;Start
14.02.2020;22:43:40;1.598695517;1.496765256;-0.1198906;-1.03E-05;0.663226604;DriveDown
14.02.2020;22:43:45;1.598695517;1.499370813;-0.1198906;-1.03E-05;0.567233503;PickUp
14.02.2020;22:43:50;2.915609837;1.398975849;-1.315505147;-1.021091461;-0.392697603;Forwarding
14.02.2020;22:43:55;3.097939491;1.398975849;-1.549314857;-1.499247432;0.968659043;Release
14.02.2020;22:44:00;0.00607487;0.0001002;-0.000337124;-1.05E-05;0.008728126;Idle
14.02.2020;22:44:05;0.000856993;0.0001002;-0.000337124;-1.05E-05;1.48E-06;Idle
14.02.2020;22:44:10;0.000856993;0.09962219;-0.000337124;-1.05E-05;1.48E-06;Start
14.02.2020;22:44:15;0.999180138;0.199144199;-0.000337124;-1.05E-05;1.48E-06;Adjust
14.02.2020;22:44:40;0.000857871;0.000139905;-0.000384125;-1.08E-05;1.42E-06;Idle
14.02.2020;22:44:45;0.000857871;0.099661909;-0.000384125;-1.08E-05;1.42E-06;Start
14.02.2020;22:44:55;1.598697066;1.499450803;-0.119985096;-1.08E-05;1.134465456;DriveDown
14.02.2020;22:45:00;1.598697066;1.499450803;-0.119985096;-1.08E-05;-0.244344607;PickUp
14.02.2020;22:45:05;3.097940922;1.399055839;-1.549408793;-1.499248147;-0.392697632;Forwarding
14.02.2020;22:45:10;3.097940922;1.399055839;-1.549408793;-1.499248147;1.466077685;Release
14.02.2020;22:45:15;0.000858203;0.000180309;-0.000430635;-1.11E-05;1.38E-06;Idle
14.02.2020;22:45:25;0.000858203;0.099702306;-0.000430635;-1.11E-05;1.38E-06;Start
14.02.2020;22:45:35;1.598697543;1.499491215;-0.119158641;-1.11E-05;0.881392658;PickUp
14.02.2020;22:45:45;3.097941399;1.399096251;-1.549455523;-1.499248147;0.584686518;Release
14.02.2020;22:45:50;1.221648932;0.000220723;-0.009180949;-0.068897441;0.715586305;Idle
14.02.2020;22:45:55;0.00085865;0.000220723;-0.000477779;-1.09E-05;1.33E-06;Idle
14.02.2020;22:46:00;0.00085865;0.099742725;-0.000477779;-1.09E-05;1.33E-06;Start
14.02.2020;22:46:05;0.920698941;0.199264675;-0.000477779;-1.09E-05;1.33E-06;Adjust
14.02.2020;22:46:10;1.598697901;1.499531507;-0.119205773;-1.09E-05;1.483530998;DriveDown
14.02.2020;22:46:15;1.598697901;1.499531507;-0.119205773;-1.09E-05;-0.375244468;PickUp
14.02.2020;22:46:20;3.097941637;1.399136543;-1.54950285;-1.499248147;-0.392697811;Forwarding
14.02.2020;22:46:25;3.097941637;1.399136543;-1.54950285;-1.499248147;1.466077685;Release
14.02.2020;22:46:30;0.000859143;0.000261032;-0.000524975;-1.11E-05;1.08E-06;Idle
14.02.2020;22:46:40;0.000859143;0.099783033;-0.000524975;-1.11E-05;1.08E-06;Start
14.02.2020;22:46:50;1.598698258;1.498699069;-0.119252995;-1.11E-05;1.483530879;DriveDown
14.02.2020;22:47:10;0.000859541;0.000301076;-0.00057877;-1.15E-05;6.88E-07;Idle
14.02.2020;22:47:15;0.000859541;0.000301076;-0.00057877;-1.15E-05;6.88E-07;Idle
14.02.2020;22:47:20;0.000859541;0.099823095;-0.00057877;-1.15E-05;6.88E-07;Start
14.02.2020;22:47:25;1.598698735;1.430725574;-0.119306765;-1.15E-05;0.506146252;DriveDown
14.02.2020;22:47:30;1.598698735;1.498739123;-0.119306765;-1.15E-05;0.680679381;PickUp
14.02.2020;22:47:35;2.637233496;1.399217129;-1.000761509;-0.724386752;-0.392698258;Forwarding
14.02.2020;22:47:40;3.097942591;1.399217129;-1.548737168;-1.499248624;1.108285069;Release
14.02.2020;22:47:45;0.209359452;0.000341258;-0.000632317;-1.14E-05;0.148354039;Idle
14.02.2020;22:47:50;0.000860037;0.000341258;-0.000632317;-1.14E-05;1.07E-06;Idle
14.02.2020;22:47:55;0.000860037;0.099863261;-0.000632317;-1.14E-05;1.07E-06;Start
14.02.2020;22:48:00;0.999183059;0.199385241;-0.000632317;-1.14E-05;1.07E-06;Adjust
14.02.2020;22:48:15;3.097943306;1.399257183;-1.548790932;-1.499248505;0.008727584;Release
14.02.2020;22:48:25;0.000860748;0.000381412;-0.000686234;-1.14E-05;7.83E-07;Idle
14.02.2020;22:48:30;0.000860748;0.09990342;-0.000686234;-1.14E-05;7.83E-07;Start
14.02.2020;22:48:40;1.598699808;1.498819351;-0.119414233;-1.14E-05;0.98611182;DriveDown
14.02.2020;22:48:45;1.598699808;1.498819351;-0.119414233;-1.14E-05;0.209440216;PickUp
14.02.2020;22:48:50;3.097943544;1.399297237;-1.548844934;-1.499248743;-0.392698258;Forwarding
14.02.2020;22:48:55;3.097943544;1.399297237;-1.548844934;-1.499248743;1.466077328;Release
14.02.2020;22:49:00;0.000861043;0.000421569;-0.000739858;-1.14E-05;8.60E-07;Idle
14.02.2020;22:49:05;0.000861043;0.000421569;-0.000739858;-1.14E-05;8.60E-07;Idle
14.02.2020;22:49:10;0.000861043;0.099943578;-0.000739858;-1.14E-05;8.60E-07;Start
14.02.2020;22:49:25;1.598700166;1.315529346;-0.119467862;-1.14E-05;-0.392698407;Lift
14.02.2020;22:49:30;3.097943544;1.399337411;-1.548898458;-1.499248505;-0.052359261;Release
14.02.2020;22:49:35;1.832516313;0.221176535;-0.440550596;-0.547980368;0.968658566;Idle
14.02.2020;22:49:40;0.000861078;0.000461799;-0.000793351;-1.14E-05;6.15E-07;Idle
14.02.2020;22:49:45;0.000861078;0.099983789;-0.000793351;-1.14E-05;6.15E-07;Start
14.02.2020;22:49:55;1.598700404;1.498899698;-0.119521365;-1.14E-05;1.422443867;DriveDown
14.02.2020;22:50:00;1.598700404;1.498899698;-0.119521365;-1.14E-05;-0.392698407;PickUp
14.02.2020;22:50:05;3.097943783;1.399377704;-1.548951864;-1.499248743;-0.392698407;Forwarding
14.02.2020;22:50:15;0.000861349;0.000502127;-0.000846615;-1.16E-05;8.39E-08;Idle
14.02.2020;22:50:25;0.000861349;0.099151082;-0.000846615;-1.16E-05;8.39E-08;Start
14.02.2020;22:50:35;1.598700404;1.498939753;-0.119574651;-1.16E-05;0.593412161;PickUp
14.02.2020;22:50:45;3.097944021;1.399417877;-1.549004912;-1.499248743;0.34906593;Release
14.02.2020;22:50:50;1.064571857;0.000542167;-2.69E-05;-1.17E-05;0.575958788;Idle
14.02.2020;22:50:55;0.000861444;0.000542167;-2.69E-05;-1.17E-05;1.51E-07;Idle
14.02.2020;22:51:00;0.000861444;0.099191166;-2.69E-05;-1.17E-05;1.51E-07;Start
14.02.2020;22:51:05;0.999184489;0.199586153;-2.69E-05;-1.17E-05;1.51E-07;Adjust
14.02.2020;22:51:10;1.598700762;1.498980045;-0.119627863;-1.17E-05;1.483530164;DriveDown
14.02.2020;22:51:20;3.097944498;1.399458051;-1.54905808;-1.499248862;0.026180338;Release
14.02.2020;22:51:30;0.000861705;0.000582538;-8.03E-05;-1.16E-05;3.60E-07;Idle
14.02.2020;22:51:35;0.000861705;0.099231526;-8.03E-05;-1.16E-05;3.60E-07;Start
14.02.2020;22:51:45;1.598701;1.499020457;-0.119681314;-1.16E-05;1.108284473;DriveDown
14.02.2020;22:51:50;1.598701;1.499020457;-0.119681314;-1.16E-05;0.12217354;PickUp
14.02.2020;22:51:55;3.097944736;1.399498463;-1.549111843;-1.498375893;-0.392698586;Forwarding
14.02.2020;22:52:00;3.097944736;1.399498463;-1.549111843;-1.499248862;1.326450825;Release
14.02.2020;22:52:05;0.000862172;0.000623398;-0.000133903;-1.18E-05;6.20E-07;Idle
14.02.2020;22:52:15;0.000862172;0.099272378;-0.000133903;-1.18E-05;6.20E-07;Start
14.02.2020;22:52:25;1.598701358;1.499061346;-0.119734906;-1.18E-05;0.907572031;PickUp
14.02.2020;22:52:30;1.598701358;1.315731287;-0.119734906;-1.18E-05;-0.392698467;Lift
14.02.2020;22:52:35;3.097944975;1.399539351;-1.549158931;-1.499248981;-0.008726061;Release
14.02.2020;22:52:45;0.000862696;0.000663663;-0.000180941;-1.20E-05;9.48E-07;Idle
14.02.2020;22:52:50;0.000862696;0.099312671;-0.000180941;-1.20E-05;9.48E-07;Start
14.02.2020;22:52:55;0.859626353;0.199707732;-0.000180941;-1.20E-05;9.48E-07;Adjust
14.02.2020;22:53:00;1.598701954;1.499101758;-0.119781949;-1.20E-05;1.483530998;DriveDown
14.02.2020;22:53:05;1.598701954;1.499101758;-0.119781949;-1.20E-05;-0.349064827;PickUp
14.02.2020;22:53:15;3.097945929;1.399579644;-1.549205899;-1.49924922;1.466077447;Release
14.02.2020;22:53:20;0.000863124;0.000704053;-0.000227954;-1.19E-05;8.33E-07;Idle
14.02.2020;22:53:25;0.000863124;0.09935306;-0.000227954;-1.19E-05;8.33E-07;Start
14.02.2020;22:53:30;0.000863124;0.09935306;-0.000227954;-1.19E-05;8.33E-07;Start
14.02.2020;22:53:35;1.598702431;0.976483345;-0.119828977;-1.19E-05;0.453786552;DriveDown
14.02.2020;22:53:40;1.598702431;1.499141932;-0.119828977;-1.19E-05;0.436333001;PickUp
14.02.2020;22:53:50;3.097946167;1.399619937;-1.549252868;-1.499249101;0.968658507;Release
14.02.2020;22:53:55;0.453708947;0.000744404;-0.000274816;-1.20E-05;0.287980258;Idle
14.02.2020;22:54:00;0.00086344;0.000744404;-0.000274816;-1.20E-05;9.96E-07;Idle
14.02.2020;22:54:05;0.00086344;0.099393412;-0.000274816;-1.20E-05;9.96E-07;Start
14.02.2020;22:54:10;0.999186456;0.199788466;-0.000274816;-1.20E-05;9.96E-07;Adjust
14.02.2020;22:54:20;1.598702788;1.499182224;-0.119875804;-1.20E-05;-0.392697871;PickUp
14.02.2020;22:54:30;3.097946405;1.398787141;-1.549300075;-1.499249101;1.466078043;Release
14.02.2020;22:54:35;0.000863761;0.000784781;-0.000322182;-1.20E-05;1.23E-06;Idle
14.02.2020;22:54:40;0.000863761;0.09943378;-0.000322182;-1.20E-05;1.23E-06;Start
14.02.2020;22:54:50;1.598703027;1.499222755;-0.119923189;-1.20E-05;0.925025702;DriveDown
14.02.2020;22:54:55;1.598703027;1.499222755;-0.119923189;-1.20E-05;0.296707213;PickUp
14.02.2020;22:55:00;2.410344839;1.398827791;-0.739578784;-0.497494638;-0.392697781;Forwarding
14.02.2020;22:55:05;3.097946882;1.398827791;-1.549347401;-1.49924922;1.00356555;Release
14.02.2020;22:55:10;0.383895963;0.000825562;-0.000369079;-1.20E-05;0.270527363;Idle
14.02.2020;22:55:15;0.000863603;0.000825562;-0.000369079;-1.20E-05;1.37E-06;Idle
14.02.2020;22:55:20;0.000863603;0.099474534;-0.000369079;-1.20E-05;1.37E-06;Start
14.02.2020;22:55:25;0.999186516;0.199869499;-0.000369079;-1.20E-05;1.37E-06;Adjust
14.02.2020;22:55:30;1.598702669;1.499263525;-0.119970083;-1.20E-05;1.090832114;PickUp
14.02.2020;22:55:40;3.097946405;1.398868561;-1.549394131;-1.499249458;0.357793778;Release
14.02.2020;22:55:45;1.657985926;0.068006732;-0.283966571;-0.390901566;0.898845792;Idle
14.02.2020;22:55:50;0.000863423;0.00086622;-0.000415953;-1.23E-05;1.34E-06;Idle
14.02.2020;22:55:55;0.000863423;0.0995152;-0.000415953;-1.23E-05;1.34E-06;Start
14.02.2020;22:56:05;1.598702312;1.499303937;-0.119143941;-1.23E-05;1.396264672;DriveDown
14.02.2020;22:56:10;1.598702312;1.499303937;-0.119143941;-1.23E-05;-0.392697752;PickUp
14.02.2020;22:56:15;3.097946167;1.398908973;-1.549440861;-1.499249339;-0.392697752;Forwarding
14.02.2020;22:56:25;0.000863375;3.36E-05;-0.000462911;-1.22E-05;1.28E-06;Idle
14.02.2020;22:56:30;0.000863375;3.36E-05;-0.000462911;-1.22E-05;1.28E-06;Idle
14.02.2020;22:56:35;0.000863375;0.099555589;-0.000462911;-1.22E-05;1.28E-06;Start
14.02.2020;22:56:45;1.59870255;1.499344587;-0.119190916;-1.22E-05;0.619593203;PickUp
14.02.2020;22:56:55;3.097946644;1.398949504;-1.549488187;-1.49924922;0.829032362;Release
14.02.2020;22:57:00;0.080219932;7.36E-05;-0.000510361;-1.21E-05;0.095993951;Idle
14.02.2020;22:57:05;0.000864137;7.36E-05;-0.000510361;-1.21E-05;8.41E-07;Idle
14.02.2020;22:57:10;0.000864137;0.099595644;-0.000510361;-1.21E-05;8.41E-07;Start
14.02.2020;22:57:15;0.999186695;0.199990585;-0.000510361;-1.21E-05;8.41E-07;Adjust
14.02.2020;22:57:20;1.598703027;1.499384522;-0.119238369;-1.21E-05;1.483530283;DriveDown
14.02.2020;22:57:40;0.000864618;0.000113647;-0.000564047;-1.23E-05;4.55E-07;Idle
14.02.2020;22:57:55;1.59870398;1.493333817;-0.119292043;-1.23E-05;0.74176532;DriveDown
14.02.2020;22:58:00;1.59870398;1.499424696;-0.119292043;-1.23E-05;0.148353487;PickUp
14.02.2020;22:58:05;3.097947836;1.399029732;-1.548722744;-1.498376369;-0.392698556;Forwarding
14.02.2020;22:58:10;3.097947836;1.399029732;-1.548722744;-1.499249339;1.265364408;Release
14.02.2020;22:58:15;0.000865354;0.000154169;-0.000617751;-1.23E-05;8.65E-07;Idle
14.02.2020;22:58:25;0.000865354;0.099676162;-0.000617751;-1.23E-05;8.65E-07;Start
14.02.2020;22:58:30;0.999188602;0.199198142;-0.000617751;-1.23E-05;8.65E-07;Adjust
14.02.2020;22:58:45;3.09794879;1.399070144;-1.548776269;-1.499249578;0.471239358;Release
14.02.2020;22:58:50;0.62824434;0.000194595;-0.000671002;-1.24E-05;0.349066228;Idle
14.02.2020;22:58:55;0.000865742;0.000194595;-0.000671002;-1.24E-05;3.54E-07;Idle
14.02.2020;22:59:00;0.000865742;0.099716611;-0.000671002;-1.24E-05;3.54E-07;Start
14.02.2020;22:59:05;0.999188781;0.199238554;-0.000671002;-1.24E-05;3.54E-07;Adjust
14.02.2020;22:59:10;1.598704934;1.499505401;-0.119399004;-1.24E-05;1.483529925;DriveDown
14.02.2020;22:59:20;3.09794879;1.399110436;-1.548829556;-1.499249578;0.410152137;Release
14.02.2020;22:59:25;1.221656322;0.000234703;-0.002463657;-0.009588405;0.602137923;Idle
14.02.2020;22:59:30;0.000865958;0.000234703;-0.000724364;-1.22E-05;-6.54E-07;Idle
14.02.2020;22:59:35;0.000865958;0.099756688;-0.000724364;-1.22E-05;-6.54E-07;Start
14.02.2020;22:59:45;1.598705292;1.499545455;-0.119452357;-1.22E-05;1.483529329;DriveDown
14.02.2020;22:59:50;1.598705292;1.499545455;-0.119452357;-1.22E-05;-0.392699867;PickUp
14.02.2020;23:00:00;1.431096315;0.000274862;-0.059195291;-0.058429316;0.663223982;Idle
14.02.2020;23:00:05;0.000866604;0.000274862;-0.000778077;-1.21E-05;-1.19E-06;Idle
14.02.2020;23:00:10;0.000866604;0.099796869;-0.000778077;-1.21E-05;-1.19E-06;Start
14.02.2020;23:00:20;1.598705888;1.498712897;-0.119506076;-1.21E-05;1.343902469;DriveDown
14.02.2020;23:00:25;1.598705888;1.498712897;-0.119506076;-1.21E-05;-0.191987768;PickUp
14.02.2020;23:00:30;3.09795022;1.399190903;-1.548936725;-1.499249458;-0.392700613;Forwarding
14.02.2020;23:00:35;3.09795022;1.399190903;-1.548936725;-1.499249458;1.413714767;Release
14.02.2020;23:00:40;0.000867275;0.000315031;-0.000831387;-1.22E-05;-1.74E-06;Idle
14.02.2020;23:00:50;0.000867275;0.099837042;-0.000831387;-1.22E-05;-1.74E-06;Start
14.02.2020;23:01:00;1.598706484;1.498752832;-0.119559407;-1.22E-05;0.610863507;PickUp
14.02.2020;23:01:05;1.598706484;1.315422893;-0.119559407;-1.22E-05;-0.39270094;Lift
14.02.2020;23:01:10;3.097950459;1.399230957;-1.548989773;-1.499249339;1.160642147;Release
14.02.2020;23:01:15;0.000867964;0.000355304;-1.16E-05;-1.21E-05;-2.00E-06;Idle
14.02.2020;23:01:25;0.000867964;0.099877298;-1.16E-05;-1.21E-05;-2.00E-06;Start
14.02.2020;23:01:30;1.598707318;1.498793244;-0.119612545;-1.21E-05;0.698129594;DriveDown
14.02.2020;23:01:35;1.598707318;1.498793244;-0.119612545;-1.21E-05;0.462510169;PickUp
14.02.2020;23:01:45;3.097951174;1.39927125;-1.549042821;-1.49924922;1.099555254;Release
14.02.2020;23:01:50;0.645699918;0.000395614;-6.49E-05;-1.21E-05;0.253070563;Idle
14.02.2020;23:01:55;0.000868327;0.000395614;-6.49E-05;-1.21E-05;-2.14E-06;Idle
14.02.2020;23:02:00;0.000868327;0.099917606;-6.49E-05;-1.21E-05;-2.14E-06;Start
14.02.2020;23:02:05;0.999191344;0.199439585;-6.49E-05;-1.21E-05;-2.14E-06;Adjust
14.02.2020;23:02:15;1.598707557;1.498833656;-0.119665928;-1.21E-05;-0.39270103;PickUp
14.02.2020;23:02:20;3.097951651;1.399311662;-1.549096465;-1.49924922;0.506143451;Release
14.02.2020;23:02:25;0.191915095;0.000436048;-0.000118622;-1.19E-05;-1.90E-06;Idle
14.02.2020;23:02:30;0.00086899;0.000436048;-0.000118622;-1.19E-05;-1.90E-06;Idle
14.02.2020;23:02:35;0.00086899;0.099958062;-0.000118622;-1.19E-05;-1.90E-06;Start
14.02.2020;23:02:40;1.598708153;0.976215303;-0.119719602;-1.19E-05;0.287977457;DriveDown
14.02.2020;23:02:45;1.598708153;1.498873949;-0.119719602;-1.19E-05;0.898842752;PickUp
14.02.2020;23:02:50;1.598708153;1.31554389;-0.119719602;-1.19E-05;-0.39270094;Lift
14.02.2020;23:02:55;3.097952127;1.399351954;-1.549143434;-1.49924922;0.418877155;Release
14.02.2020;23:03:00;1.605632186;0.039701089;-0.196449742;-0.30363515;0.846482635;Idle
14.02.2020;23:03:05;0.000869609;0.00047646;-0.000165606;-1.23E-05;-2.01E-06;Idle
14.02.2020;23:03:10;0.000869609;0.099998444;-0.000165606;-1.23E-05;-2.01E-06;Start
14.02.2020;23:03:15;0.999192476;0.199520454;-0.000165606;-1.23E-05;-2.01E-06;Adjust
14.02.2020;23:03:25;1.598708868;1.498914003;-0.1197666;-1.23E-05;-0.39270103;PickUp
14.02.2020;23:03:40;0.00087032;0.000516462;-0.000212844;-1.21E-05;-1.95E-06;Idle
14.02.2020;23:03:50;0.00087032;0.099165455;-0.000212844;-1.21E-05;-1.95E-06;Start
14.02.2020;23:03:55;1.598709702;1.498954296;-0.119813852;-1.21E-05;0.741762936;DriveDown
14.02.2020;23:04:00;1.598709702;1.498954296;-0.119813852;-1.21E-05;0.488690317;PickUp
14.02.2020;23:04:05;3.04127574;1.399432302;-1.429744005;-1.195626497;-0.39270094;Forwarding
14.02.2020;23:04:10;3.097953796;1.399432302;-1.549237728;-1.499249339;1.30026865;Release
14.02.2020;23:04:15;0.00087111;0.000556531;-0.000259624;-1.25E-05;-1.69E-06;Idle
14.02.2020;23:04:20;0.00087111;0.000556531;-0.000259624;-1.25E-05;-1.69E-06;Idle
14.02.2020;23:04:25;0.00087111;0.099205531;-0.000259624;-1.25E-05;-1.69E-06;Start
14.02.2020;23:04:30;0.999194086;0.199600562;-0.000259624;-1.25E-05;-1.69E-06;Adjust
14.02.2020;23:04:55;0.000871123;0.000597309;-0.000306817;-1.26E-05;-1.99E-06;Idle
14.02.2020;23:05:00;0.000871123;0.099246293;-0.000306817;-1.26E-05;-1.99E-06;Start
14.02.2020;23:05:10;1.598710299;1.49903512;-0.119907826;-1.26E-05;1.213001847;DriveDown
14.02.2020;23:05:15;1.598710299;1.49903512;-0.119907826;-1.26E-05;-0.322888047;PickUp
14.02.2020;23:05:20;3.097954273;1.399513245;-1.549332023;-1.499249816;-0.392701179;Forwarding
14.02.2020;23:05:25;3.097954273;1.399513245;-1.549332023;-1.499249816;1.466074586;Release
14.02.2020;23:05:30;0.000871439;0.000637518;-0.000353815;-1.24E-05;-1.93E-06;Idle
14.02.2020;23:05:40;0.000871439;0.099286519;-0.000353815;-1.24E-05;-1.93E-06;Start
14.02.2020;23:05:50;1.598710418;1.499075413;-0.119954817;-1.24E-05;0.802849531;PickUp
14.02.2020;23:05:55;1.598710418;1.315745354;-0.119954817;-1.24E-05;-0.392701179;Lift
14.02.2020;23:06:00;3.097954512;1.399553299;-1.549378872;-1.499249816;0.41015026;Release
14.02.2020;23:06:05;1.762714267;0.154198498;-0.353764743;-0.495621711;0.942475617;Idle
14.02.2020;23:06:10;0.000871774;0.000677971;-0.00040097;-1.26E-05;-2.19E-06;Idle
14.02.2020;23:06:15;0.000871774;0.099326961;-0.00040097;-1.26E-05;-2.19E-06;Start
14.02.2020;23:06:20;0.99919486;0.199722022;-0.00040097;-1.26E-05;-2.19E-06;Adjust
14.02.2020;23:06:30;1.598711014;1.499115944;-0.119128965;-1.26E-05;-0.392701447;PickUp
14.02.2020;23:06:40;1.466008425;0.00332378;-0.092018954;-0.058430009;0.663222969;Idle
14.02.2020;23:06:45;0.000872344;0.000718195;-0.000447856;-1.28E-05;-2.16E-06;Idle
14.02.2020;23:06:50;0.000872344;0.099367201;-0.000447856;-1.28E-05;-2.16E-06;Start
14.02.2020;23:07:00;1.598711491;1.499155998;-0.119175866;-1.28E-05;0.994835556;DriveDown
14.02.2020;23:07:05;1.598711491;1.499155998;-0.119175866;-1.28E-05;-0.113448299;PickUp
14.02.2020;23:07:10;3.097955465;1.399634004;-1.54947269;-1.499249935;-0.392701;Forwarding
14.02.2020;23:07:20;0.000872939;0.000758156;-0.000494747;-1.27E-05;-1.86E-06;Idle
14.02.2020;23:07:25;0.000872939;0.099407166;-0.000494747;-1.27E-05;-1.86E-06;Start
14.02.2020;23:07:30;0.999195993;0.19980216;-0.000494747;-1.27E-05;-1.86E-06;Adjust
14.02.2020;23:07:35;1.598712087;1.499196053;-0.119222753;-1.27E-05;1.483527899;DriveDown
14.02.2020;23:07:40;1.598712087;1.499196053;-0.119222753;-1.27E-05;-0.39270097;PickUp
14.02.2020;23:07:55;5.22E-07;0.000798596;-0.000548468;-1.27E-05;-2.33E-06;Idle
14.02.2020;23:08:05;5.22E-07;0.099447608;-0.000548468;-1.27E-05;-2.33E-06;Start
14.02.2020;23:08:10;1.598712802;1.382362008;-0.119276471;-1.27E-05;0.584682882;DriveDown
14.02.2020;23:08:15;1.598712802;1.499236703;-0.119276471;-1.27E-05;0.305430621;PickUp
14.02.2020;23:08:25;3.097956657;1.398841739;-1.548707485;-1.499249935;0.645769656;Release
14.02.2020;23:08:30;0.436266065;0.000839373;-0.0006023;-1.28E-05;0.270524174;Idle
14.02.2020;23:08:35;8.93E-07;0.000839373;-0.0006023;-1.28E-05;-1.85E-06;Idle
14.02.2020;23:08:40;8.93E-07;0.09948837;-0.0006023;-1.28E-05;-1.85E-06;Start
14.02.2020;23:08:45;0.999196887;0.199883357;-0.0006023;-1.28E-05;-1.85E-06;Adjust
14.02.2020;23:09:00;3.097956896;1.398882151;-1.548761129;-1.499250174;0.078538001;Release
14.02.2020;23:09:05;1.623090148;0.047954649;-0.213520527;-0.321089268;0.863936365;Idle
14.02.2020;23:09:10;1.19E-06;6.72E-06;-0.000656088;-1.32E-05;-1.51E-06;Idle
14.02.2020;23:09:15;1.19E-06;0.099528722;-0.000656088;-1.32E-05;-1.51E-06;Start
14.02.2020;23:09:25;1.598713279;1.499317527;-0.119384088;-1.32E-05;1.055922508;DriveDown
14.02.2020;23:09:30;1.598713279;1.499317527;-0.119384088;-1.32E-05;-0.165807977;PickUp
14.02.2020;23:09:35;3.097957373;1.398922443;-1.548814654;-1.499250531;-0.392700762;Forwarding
14.02.2020;23:09:40;3.097957373;1.398922443;-1.548814654;-1.499250531;1.466074824;Release
14.02.2020;23:09:45;1.35E-06;4.71E-05;-0.000709525;-1.34E-05;-1.86E-06;Idle
14.02.2020;23:09:50;1.35E-06;4.71E-05;-0.000709525;-1.34E-05;-1.86E-06;Idle
14.02.2020;23:09:55;1.35E-06;0.099569082;-0.000709525;-1.34E-05;-1.86E-06;Start
14.02.2020;23:10:05;1.598713636;1.499357581;-0.119437531;-1.34E-05;0.959929168;PickUp
14.02.2020;23:10:10;1.598713636;1.316027522;-0.119437531;-1.34E-05;-0.392700642;Lift
14.02.2020;23:10:15;3.097957373;1.398962617;-1.548868179;-1.499250531;0.287977815;Release
14.02.2020;23:10:20;1.902343273;0.255708218;-0.492880017;-0.582888961;0.994836152;Idle
14.02.2020;23:10:25;1.59E-06;8.69E-05;-0.000762903;-1.33E-05;-1.68E-06;Idle
14.02.2020;23:10:30;1.59E-06;0.099608891;-0.000762903;-1.33E-05;-1.68E-06;Start
14.02.2020;23:10:35;0.999197423;0.199130848;-0.000762903;-1.33E-05;-1.68E-06;Adjust
14.02.2020;23:10:40;1.598713517;1.499397635;-0.119490907;-1.33E-05;1.483528137;DriveDown
14.02.2020;23:10:45;1.598713517;1.499397635;-0.119490907;-1.33E-05;-0.392700642;PickUp
14.02.2020;23:11:00;1.72E-06;0.000126972;-0.000816185;-1.35E-05;-1.70E-06;Idle
14.02.2020;23:11:10;1.72E-06;0.099648952;-0.000816185;-1.35E-05;-1.70E-06;Start
14.02.2020;23:11:15;1.598713756;1.485503435;-0.119544193;-1.35E-05;0.741763234;DriveDown
14.02.2020;23:11:20;1.598713756;1.499437928;-0.119544193;-1.35E-05;0.488690615;PickUp
14.02.2020;23:11:25;3.019468069;1.399042845;-1.384098291;-1.108361244;-0.392700642;Forwarding
14.02.2020;23:11:30;3.097957611;1.399042845;-1.548974514;-1.49925065;1.326448798;Release
14.02.2020;23:11:35;0.000875007;0.000167397;-0.000869501;-1.35E-05;-1.66E-06;Idle
14.02.2020;23:11:40;2.01E-06;0.000167397;-0.000869501;-1.35E-05;-1.66E-06;Idle
14.02.2020;23:11:45;2.01E-06;0.099689402;-0.000869501;-1.35E-05;-1.66E-06;Start
14.02.2020;23:11:50;0.999198198;0.199211359;-0.000869501;-1.35E-05;-1.66E-06;Adjust
14.02.2020;23:12:05;3.097958565;1.399083018;-1.549028039;-1.499250889;0.130898044;Release
14.02.2020;23:12:10;1.500918746;0.005425129;-0.104709581;-0.182336822;0.785396338;Idle
14.02.2020;23:12:15;2.61E-06;0.000207251;-5.02E-05;-1.40E-05;-1.79E-06;Idle
14.02.2020;23:12:20;2.61E-06;0.099729255;-5.02E-05;-1.40E-05;-1.79E-06;Start
14.02.2020;23:12:25;0.999198556;0.199251235;-5.02E-05;-1.40E-05;-1.79E-06;Adjust
14.02.2020;23:12:30;1.598714709;1.499518037;-0.119651191;-1.40E-05;1.213001847;DriveDown
14.02.2020;23:12:35;1.598714709;1.499518037;-0.119651191;-1.40E-05;-0.322887599;PickUp
14.02.2020;23:12:40;3.097958803;1.399122953;-1.549081683;-1.499251008;-0.392700732;Forwarding
14.02.2020;23:12:45;3.097958803;1.399122953;-1.549081683;-1.499251008;1.466075182;Release
14.02.2020;23:12:50;2.75E-06;0.000247432;-0.000103736;-1.41E-05;-1.35E-06;Idle
14.02.2020;23:13:00;2.75E-06;0.099769436;-0.000103736;-1.41E-05;-1.35E-06;Start
14.02.2020;23:13:05;1.598714948;1.497819066;-0.119704731;-1.41E-05;0.602137268;DriveDown
14.02.2020;23:13:10;1.598714948;1.499558449;-0.119704731;-1.41E-05;0.270524681;PickUp
14.02.2020;23:13:20;1.466012239;0.001153718;-0.091721922;-0.058431324;0.663223684;Idle
14.02.2020;23:13:25;2.84E-06;0.000287426;-0.000150813;-1.41E-05;-1.59E-06;Idle
14.02.2020;23:13:30;2.84E-06;0.099809416;-0.000150813;-1.41E-05;-1.59E-06;Start
14.02.2020;23:13:40;1.598715305;1.498725176;-0.119751826;-1.41E-05;0.977382839;DriveDown
14.02.2020;23:13:45;1.598715305;1.498725176;-0.119751826;-1.41E-05;-0.113447994;PickUp
14.02.2020;23:13:50;3.09795928;1.399203062;-1.549175739;-1.499251246;-0.392700672;Forwarding
14.02.2020;23:14:00;3.45E-06;0.000327473;-0.000197881;-1.42E-05;-1.23E-06;Idle
14.02.2020;23:14:05;3.45E-06;0.099849485;-0.000197881;-1.42E-05;-1.23E-06;Start
14.02.2020;23:14:10;0.999199271;0.199371472;-0.000197881;-1.42E-05;-1.23E-06;Adjust
14.02.2020;23:14:15;1.598715544;1.498765111;-0.119798869;-1.42E-05;1.413715243;DriveDown
14.02.2020;23:14:20;1.598715544;1.498765111;-0.119798869;-1.42E-05;-0.392700344;PickUp
14.02.2020;23:14:35;3.40E-06;0.00036752;-0.000244793;-1.41E-05;-1.20E-06;Idle
14.02.2020;23:14:45;3.40E-06;0.099889524;-0.000244793;-1.41E-05;-1.20E-06;Start
14.02.2020;23:14:50;1.598715663;1.441261172;-0.119845808;-1.41E-05;0.584684014;DriveDown
14.02.2020;23:14:55;1.598715663;1.498805285;-0.119845808;-1.41E-05;0.305431545;PickUp
14.02.2020;23:15:05;3.097959757;1.399283409;-1.549269676;-1.499251366;0.671950519;Release
14.02.2020;23:15:10;0.418815702;0.000407681;-0.000291708;-1.45E-05;0.261798263;Idle
14.02.2020;23:15:15;3.83E-06;0.000407681;-0.000291708;-1.45E-05;-1.14E-06;Idle
14.02.2020;23:15:20;3.83E-06;0.099929683;-0.000291708;-1.45E-05;-1.14E-06;Start
14.02.2020;23:15:25;0.999199808;0.19945161;-0.000291708;-1.45E-05;-1.14E-06;Adjust
14.02.2020;23:15:40;3.097959995;1.399323702;-1.549316645;-1.499251366;-0.026181152;Release
14.02.2020;23:15:45;1.780172825;0.186256379;-0.388608724;-0.49562338;0.951203227;Idle
14.02.2020;23:15:50;4.32E-06;0.000448221;-0.000338364;-1.43E-05;-1.24E-06;Idle
14.02.2020;23:15:55;4.32E-06;0.099970222;-0.000338364;-1.43E-05;-1.24E-06;Start
14.02.2020;23:16:00;0.999200284;0.199492157;-0.000338364;-1.43E-05;-1.24E-06;Adjust
14.02.2020;23:16:05;1.598716617;1.49888587;-0.119939364;-1.43E-05;1.396262407;DriveDown
14.02.2020;23:16:10;1.598716617;1.49888587;-0.119939364;-1.43E-05;-0.165807456;PickUp
14.02.2020;23:16:25;4.39E-06;0.000488285;-0.000385294;-1.44E-05;-8.96E-07;Idle
14.02.2020;23:16:35;4.39E-06;0.099137262;-0.000385294;-1.44E-05;-8.96E-07;Start
14.02.2020;23:16:40;1.598717093;1.355001926;-0.119986288;-1.44E-05;0.445058167;DriveDown
14.02.2020;23:16:45;1.598717093;1.498926163;-0.119986288;-1.44E-05;0.959930301;PickUp
14.02.2020;23:16:55;3.097960949;1.399404168;-1.549410343;-1.499251604;0.785397708;Release
14.02.2020;23:17:00;0.080234028;0.000528518;-0.000432587;-1.46E-05;0.034905825;Idle
14.02.2020;23:17:05;5.22E-06;0.000528518;-0.000432587;-1.46E-05;-7.58E-07;Idle
14.02.2020;23:17:10;5.22E-06;0.099177502;-0.000432587;-1.46E-05;-7.58E-07;Start
14.02.2020;23:17:15;0.999201298;0.199572504;-0.000432587;-1.46E-05;-7.58E-07;Adjust
14.02.2020;23:17:25;1.59871757;1.498966455;-0.119160585;-1.46E-05;-0.392699569;PickUp
14.02.2020;23:17:30;3.097961426;1.399444461;-1.549457431;-1.499251723;0.191985711;Release
14.02.2020;23:17:35;0.855149627;0.000569078;-0.0004794;-1.47E-05;0.287978977;Idle
14.02.2020;23:17:40;5.36E-06;0.000569078;-0.0004794;-1.47E-05;-3.80E-07;Idle
14.02.2020;23:17:45;5.36E-06;0.099218071;-0.0004794;-1.47E-05;-3.80E-07;Start
14.02.2020;23:17:55;1.59871769;1.499007106;-0.119207405;-1.47E-05;1.169370055;PickUp
14.02.2020;23:18:05;3.097961664;1.399485111;-1.54950428;-1.499251723;1.003563762;Release
14.02.2020;23:18:10;0.019171482;0.000609513;-0.000526063;-1.46E-05;-6.69E-07;Idle
14.02.2020;23:18:20;5.73E-06;0.099258497;-0.000526063;-1.46E-05;-6.69E-07;Start
14.02.2020;23:18:25;1.598718047;1.238188267;-0.119254097;-1.46E-05;0.427605063;DriveDown
14.02.2020;23:18:30;1.598718047;1.499047518;-0.119254097;-1.46E-05;0.445058465;PickUp
14.02.2020;23:18:35;2.567439556;1.399525523;-0.878536284;-0.602216899;-0.39269954;Forwarding
14.02.2020;23:18:40;3.097961903;1.399525523;-1.548685074;-1.499251842;1.117010117;Release
14.02.2020;23:18:45;5.95E-06;0.000650007;-0.000580023;-1.49E-05;-6.65E-07;Idle
14.02.2020;23:18:50;5.95E-06;0.000650007;-0.000580023;-1.49E-05;-6.65E-07;Idle
14.02.2020;23:18:55;5.95E-06;0.099299021;-0.000580023;-1.49E-05;-6.65E-07;Start
14.02.2020;23:19:00;0.999202073;0.199694037;-0.000580023;-1.49E-05;-6.65E-07;Adjust
14.02.2020;23:19:25;6.67E-06;0.000690469;-0.000633983;-1.48E-05;-3.61E-07;Idle
14.02.2020;23:19:30;6.67E-06;0.099339478;-0.000633983;-1.48E-05;-3.61E-07;Start
14.02.2020;23:19:40;1.598718882;1.499128461;-0.119361982;-1.48E-05;1.239183426;DriveDown
14.02.2020;23:19:45;1.598718882;1.499128461;-0.119361982;-1.48E-05;-0.00872706;PickUp
14.02.2020;23:19:50;3.097962856;1.399606466;-1.548792601;-1.499252081;-0.39269951;Forwarding
14.02.2020;23:19:55;3.097962856;1.399606466;-1.548792601;-1.499252081;1.466076255;Release
14.02.2020;23:20:00;6.69E-06;0.000730701;-0.000687588;-1.51E-05;-2.55E-07;Idle
14.02.2020;23:20:05;6.69E-06;0.000730701;-0.000687588;-1.51E-05;-2.55E-07;Idle
14.02.2020;23:20:10;6.69E-06;0.099379711;-0.000687588;-1.51E-05;-2.55E-07;Start
14.02.2020;23:20:20;1.598718882;1.499168754;-0.119415596;-1.51E-05;1.117010355;PickUp
14.02.2020;23:20:30;3.097962618;1.399646759;-1.548846006;-1.499252081;0.383972168;Release
14.02.2020;23:20:35;0.977324128;0.000771078;-0.000740827;-1.50E-05;0.593411565;Idle
14.02.2020;23:20:40;6.91E-06;0.000771078;-0.000740827;-1.50E-05;-3.22E-07;Idle
14.02.2020;23:20:45;6.91E-06;0.099420086;-0.000740827;-1.50E-05;-3.22E-07;Start
14.02.2020;23:20:50;0.999202967;0.19981508;-0.000740827;-1.50E-05;-3.22E-07;Adjust
14.02.2020;23:20:55;1.598719239;1.499208927;-0.119468831;-1.50E-05;1.483529329;DriveDown
14.02.2020;23:21:00;1.598719239;1.499208927;-0.119468831;-1.50E-05;-0.39269954;PickUp
14.02.2020;23:21:05;3.097962856;1.398813963;-1.548899531;-1.499252081;-0.39269954;Forwarding
14.02.2020;23:21:10;3.097962856;1.398813963;-1.548899531;-1.499252081;1.439896226;Release
14.02.2020;23:21:15;6.93E-06;0.000811528;-0.000794242;-1.48E-05;-9.71E-07;Idle
14.02.2020;23:21:25;6.93E-06;0.099460527;-0.000794242;-1.48E-05;-9.71E-07;Start
14.02.2020;23:21:30;1.598719239;1.290749907;-0.119522244;-1.48E-05;0.58468461;DriveDown
14.02.2020;23:21:35;1.598719239;1.499249339;-0.119522244;-1.48E-05;0.305432111;PickUp
14.02.2020;23:21:40;2.602347136;1.398854375;-0.896257341;-0.619670451;-0.392699718;Forwarding
14.02.2020;23:21:45;3.097963095;1.398854375;-1.548952818;-1.499252081;1.108283281;Release
14.02.2020;23:21:50;0.226832986;0.000852137;-0.000848105;-1.50E-05;0.148352042;Idle
14.02.2020;23:21:55;7.28E-06;0.000852137;-0.000848105;-1.50E-05;-9.22E-07;Idle
14.02.2020;23:22:00;7.28E-06;0.099501155;-0.000848105;-1.50E-05;-9.22E-07;Start
14.02.2020;23:22:05;0.999203265;0.199896142;-0.000848105;-1.50E-05;-9.22E-07;Adjust
14.02.2020;23:22:10;1.598719358;1.499290228;-0.119576126;-1.50E-05;0.898843884;PickUp
14.02.2020;23:22:15;2.933086872;1.398895264;-1.297736645;-1.160722613;-0.392699808;Forwarding
14.02.2020;23:22:20;3.097963095;1.398895264;-1.549006343;-1.499252081;1.03847003;Release
14.02.2020;23:22:25;0.025277395;1.96E-05;-2.85E-05;-1.50E-05;-2.27E-07;Idle
14.02.2020;23:22:35;7.35E-06;0.099541612;-2.85E-05;-1.50E-05;-2.27E-07;Start
14.02.2020;23:22:40;1.598719716;1.203564405;-0.119629502;-1.50E-05;0.383972228;DriveDown
14.02.2020;23:22:45;1.598719716;1.499330282;-0.119629502;-1.50E-05;0.479964763;PickUp
14.02.2020;23:22:50;1.598719716;1.316000342;-0.119629502;-1.50E-05;-0.392699748;Lift
14.02.2020;23:22:55;3.09796381;1.398935318;-1.549060106;-1.499252081;0.785397768;Release
14.02.2020;23:23:00;7.58E-06;5.96E-05;-8.23E-05;-1.51E-05;-5.83E-07;Idle
14.02.2020;23:23:05;7.58E-06;5.96E-05;-8.23E-05;-1.51E-05;-5.83E-07;Idle
14.02.2020;23:23:10;7.58E-06;0.099581599;-8.23E-05;-1.51E-05;-5.83E-07;Start
14.02.2020;23:23:15;0.999203801;0.199976578;-8.23E-05;-1.51E-05;-5.83E-07;Adjust
14.02.2020;23:23:30;3.097964048;1.398975253;-1.549114108;-1.499252081;-0.39269942;Forwarding
14.02.2020;23:23:40;8.02E-06;9.97E-05;-0.000136062;-1.52E-05;-5.66E-07;Idle
14.02.2020;23:23:45;8.02E-06;0.099621698;-0.000136062;-1.52E-05;-5.66E-07;Start
14.02.2020;23:23:55;1.598720312;1.499410629;-0.119737059;-1.52E-05;0.741764545;DriveDown
14.02.2020;23:24:00;1.598720312;1.499410629;-0.119737059;-1.52E-05;0.095992625;PickUp
14.02.2020;23:24:05;3.097964048;1.399015546;-1.549160957;-1.499252439;-0.39269954;Forwarding
14.02.2020;23:24:10;3.097964048;1.399015546;-1.549160957;-1.499252439;1.466076255;Release
14.02.2020;23:24:15;8.01E-06;0.000139872;-0.000183174;-1.56E-05;-3.55E-07;Idle
14.02.2020;23:24:20;8.01E-06;0.000139872;-0.000183174;-1.56E-05;-3.55E-07;Idle
14.02.2020;23:24:25;8.01E-06;0.099661879;-0.000183174;-1.56E-05;-3.55E-07;Start
14.02.2020;23:24:35;1.59872067;1.499450684;-0.119784176;-1.56E-05;0.933750987;PickUp
14.02.2020;23:24:40;1.59872067;1.316120744;-0.119784176;-1.56E-05;-0.392698944;Lift
14.02.2020;23:24:45;3.097964287;1.399055839;-1.549208164;-1.499252677;-0.034906533;Release
14.02.2020;23:24:55;8.52E-06;0.000180334;-0.00023012;-1.56E-05;-9.33E-10;Idle
14.02.2020;23:25:00;8.52E-06;0.099702343;-0.00023012;-1.56E-05;-9.33E-10;Start
14.02.2020;23:25:10;1.598720908;1.499490738;-0.119831115;-1.56E-05;1.483529925;DriveDown
14.02.2020;23:25:15;1.598720908;1.499490738;-0.119831115;-1.56E-05;-0.32288602;PickUp
14.02.2020;23:25:25;3.097964764;1.399095774;-1.549255133;-1.499252796;1.466076136;Release
14.02.2020;23:25:30;8.61E-06;0.000220206;-0.000277009;-1.59E-05;-1.58E-07;Idle
14.02.2020;23:25:40;8.61E-06;0.099742197;-0.000277009;-1.59E-05;-1.58E-07;Start
14.02.2020;23:25:45;1.598721027;1.063266039;-0.119878016;-1.59E-05;0.427605569;DriveDown
14.02.2020;23:25:50;1.598721027;1.49953115;-0.119878016;-1.59E-05;0.462512195;PickUp
14.02.2020;23:25:55;2.392909288;1.399136066;-0.739533603;-0.48004517;-0.392699122;Forwarding
14.02.2020;23:26:00;3.097964764;1.399136066;-1.549301982;-1.499253035;0.977384567;Release
14.02.2020;23:26:05;0.383913904;0.000260489;-0.000323853;-1.60E-05;0.279252946;Idle
14.02.2020;23:26:10;8.61E-06;0.000260489;-0.000323853;-1.60E-05;2.42E-07;Idle
14.02.2020;23:26:15;8.61E-06;0.099782504;-0.000323853;-1.60E-05;2.42E-07;Start
14.02.2020;23:26:20;0.999204874;0.199304506;-0.000323853;-1.60E-05;2.42E-07;Adjust
14.02.2020;23:26:45;9.59E-06;0.000300531;-0.000370997;-1.62E-05;-5.64E-07;Idle
14.02.2020;23:26:50;9.59E-06;0.099822529;-0.000370997;-1.62E-05;-5.64E-07;Start
14.02.2020;23:27:00;1.598721862;1.498738527;-0.119971998;-1.62E-05;0.898844063;DriveDown
14.02.2020;23:27:05;1.598721862;1.498738527;-0.119971998;-1.62E-05;-0.008727321;PickUp
14.02.2020;23:27:10;3.097965717;1.399216533;-1.524125814;-1.316930532;-0.392699778;Forwarding
14.02.2020;23:27:15;3.097965717;1.399216533;-1.5493958;-1.499253392;1.422442555;Release
14.02.2020;23:27:20;9.91E-06;0.000340856;-0.000417921;-1.61E-05;-7.65E-07;Idle
14.02.2020;23:27:25;9.91E-06;0.000340856;-0.000417921;-1.61E-05;-7.65E-07;Idle
14.02.2020;23:27:30;9.91E-06;0.099862859;-0.000417921;-1.61E-05;-7.65E-07;Start
14.02.2020;23:27:40;1.598722219;1.49877882;-0.119145915;-1.61E-05;0.584684491;PickUp
14.02.2020;23:27:45;2.567443609;1.399256945;-0.895881116;-0.724391639;-0.392699748;Forwarding
14.02.2020;23:27:50;3.097965956;1.399256945;-1.549442887;-1.499253392;1.16064322;Release
14.02.2020;23:27:55;0.244289115;0.000381257;-0.000465004;-1.64E-05;0.148352206;Idle
14.02.2020;23:28:00;1.01E-05;0.000381257;-0.000465004;-1.64E-05;-7.72E-07;Idle
14.02.2020;23:28:05;1.01E-05;0.099903256;-0.000465004;-1.64E-05;-7.72E-07;Start
14.02.2020;23:28:10;0.999206305;0.19942525;-0.000465004;-1.64E-05;-7.72E-07;Adjust
14.02.2020;23:28:15;1.598722458;1.498819232;-0.119193025;-1.64E-05;1.378809333;DriveDown
14.02.2020;23:28:20;1.598722458;1.498819232;-0.119193025;-1.64E-05;-0.392699927;PickUp
14.02.2020;23:28:30;3.097966433;1.399297237;-1.549490094;-1.499253392;1.466075778;Release
14.02.2020;23:28:35;1.04E-05;0.000421571;-0.000512234;-1.64E-05;-9.51E-07;Idle
14.02.2020;23:28:40;1.04E-05;0.099943578;-0.000512234;-1.64E-05;-9.51E-07;Start
14.02.2020;23:28:45;1.04E-05;0.099943578;-0.000512234;-1.64E-05;-9.51E-07;Start
14.02.2020;23:28:50;1.598722696;1.498859167;-0.119240247;-1.64E-05;0.776670635;DriveDown
14.02.2020;23:28:55;1.598722696;1.498859167;-0.119240247;-1.64E-05;0.305431724;PickUp
14.02.2020;23:29:00;2.392911434;1.399337173;-0.72144264;-0.602218747;-0.392699957;Forwarding
14.02.2020;23:29:05;3.097966671;1.399337173;-1.548670888;-1.499253631;1.099556565;Release
14.02.2020;23:29:10;0.418822587;0.00046153;-0.000565932;-1.65E-05;0.253071576;Idle
14.02.2020;23:29:15;1.06E-05;0.00046153;-0.000565932;-1.65E-05;-1.19E-06;Idle
14.02.2020;23:29:20;1.06E-05;0.099983536;-0.000565932;-1.65E-05;-1.19E-06;Start
14.02.2020;23:29:25;0.999206364;0.199505463;-0.000565932;-1.65E-05;-1.19E-06;Adjust
14.02.2020;23:29:30;1.598722577;1.49889946;-0.119293928;-1.65E-05;0.898843229;PickUp
14.02.2020;23:29:40;3.097966433;1.399377584;-1.548724651;-1.499253511;0.506144404;Release
14.02.2020;23:29:45;0.032257795;0.000501977;-0.000619671;-1.68E-05;-1.26E-06;Idle
14.02.2020;23:29:50;1.05E-05;0.000501977;-0.000619671;-1.68E-05;-1.26E-06;Idle
14.02.2020;23:29:55;1.05E-05;0.099150948;-0.000619671;-1.68E-05;-1.26E-06;Start
14.02.2020;23:30:00;1.598722696;1.081001043;-0.119347662;-1.68E-05;0.314158052;DriveDown
14.02.2020;23:30:05;1.598722696;1.498939872;-0.119347662;-1.68E-05;0.829030335;PickUp
14.02.2020;23:30:10;2.480177641;1.399417996;-0.721549928;-0.480046093;-0.392700225;Forwarding
14.02.2020;23:30:15;3.097966671;1.399417996;-1.548778057;-1.499253988;1.31772244;Release
14.02.2020;23:30:20;1.05E-05;0.000542498;-0.000672748;-1.69E-05;-1.14E-06;Idle
14.02.2020;23:30:25;1.05E-05;0.099191472;-0.000672748;-1.69E-05;-1.14E-06;Start
14.02.2020;23:30:35;1.598722935;1.498980522;-0.119400755;-1.69E-05;0.741763949;DriveDown
14.02.2020;23:30:40;1.598722935;1.498980522;-0.119400755;-1.69E-05;0.130898625;PickUp
14.02.2020;23:30:45;3.067458868;1.399458647;-1.445038319;-1.160724401;-0.392700195;Forwarding
14.02.2020;23:30:50;3.097966909;1.399458647;-1.548831463;-1.499253988;1.431168795;Release
14.02.2020;23:30:55;1.09E-05;0.000583059;-0.000726099;-1.70E-05;-1.16E-06;Idle
14.02.2020;23:31:00;1.09E-05;0.000583059;-0.000726099;-1.70E-05;-1.16E-06;Idle
14.02.2020;23:31:05;1.09E-05;0.099232055;-0.000726099;-1.70E-05;-1.16E-06;Start
14.02.2020;23:31:20;1.598723173;1.315690875;-0.119454101;-1.70E-05;-0.392700166;Lift
14.02.2020;23:31:35;1.13E-05;0.000623401;-0.000779494;-1.73E-05;-1.07E-06;Idle
14.02.2020;23:31:40;1.13E-05;0.000623401;-0.000779494;-1.73E-05;-1.07E-06;Idle
14.02.2020;23:31:45;1.13E-05;0.000623401;-0.000779494;-1.73E-05;-1.07E-06;Idle
